2dm-2991,1
2dm-2992,0
2dm-2994,0
2dm-2995,0
2dm-2996,1
2dm-2997,0
2dm-2998,1
2dm-2999,0
2dm-3000,1
2dm-3001,1
2dm-3002,1
2dm-3003,1
2dm-3004,0
2dm-3005,1
2dm-3006,1
2dm-3007,0
2dm-3008,1
2dm-3009,1
2dm-3010,1
2dm-3011,1
2dm-3012,1
2dm-3013,0
2dm-3014,1
2dm-3015,1
2dm-3016,1
2dm-3017,0
2dm-3018,1
2dm-3019,1
2dm-3020,0
2dm-3021,0
2dm-3022,1
2dm-3023,1
2dm-3024,0
2dm-3025,1
2dm-3026,1
2dm-3027,1
2dm-3028,1
2dm-3029,1
2dm-3030,0
2dm-3031,1
2dm-3032,1
2dm-3033,1
2dm-3034,0
2dm-3035,1
2dm-3036,1
2dm-3037,1
2dm-3038,1
2dm-3039,1
2dm-3040,1
2dm-3041,1
2dm-3042,1
2dm-3043,0
2dm-3044,1
2dm-3045,0
2dm-3047,1
2dm-3048,1
2dm-3049,1
2dm-3050,0
2dm-3051,1
2dm-3052,1
2dm-3053,1
2dm-3054,0
2dm-3055,1
2dm-3056,1
2dm-3057,1
2dm-3058,1
2dm-3059,1
2dm-3060,1
2dm-3061,1
2dm-3062,0
2dm-3063,0
2dm-3064,1
2dm-3065,0
2dm-3066,1
2dm-3067,1
2dm-3068,1
2dm-3069,1
2dm-3070,1
2dm-3071,0
2dm-3072,1
2dm-3073,0
2dm-3074,0
2dm-3075,1
2dm-3076,1
2dm-3077,1
2dm-3078,1
2dm-3079,0
2dm-3080,1
2dm-3081,0
2dm-3082,1
2dm-3083,0
2dm-3084,0
2dm-3085,0
2dm-3086,1
2dm-3087,0
2dm-3088,0
2dm-3089,1
2dm-3090,0
2dm-3091,1
2dm-3093,1
2dm-3094,0
2dm-3095,0
2dm-3096,1
2dm-3097,0
2dm-3098,1
2dm-3099,0
2dm-3100,1
2dm-3101,1
2dm-3102,1
2dm-3103,1
2dm-3104,1
2dm-3105,1
2dm-3106,1
2dm-3107,0
2dm-3108,1
2dm-3109,0
2dm-3110,0
2dm-3111,0
2dm-3112,1
2dm-3113,1
2dm-3114,1
2dm-3115,0
2dm-3116,0
2dm-3117,0
2dm-3118,1
2dm-3119,1
2dm-3120,1
2dm-3121,1
2dm-3122,0
2dm-3123,1
2dm-3124,1
2dm-3125,1
2dm-3126,1
2dm-3127,1
2dm-3128,1
2dm-3129,1
2dm-3130,0
2dm-3131,1
2dm-3132,1
2dm-3133,0
2dm-3134,1
2dm-3135,0
2dm-3136,1
2dm-3137,1
2dm-3138,1
2dm-3139,1
2dm-3140,1
2dm-3141,1
2dm-3142,0
2dm-3143,1
2dm-3144,1
2dm-3145,1
2dm-3146,1
2dm-3147,1
2dm-3148,1
2dm-3149,1
2dm-3150,0
2dm-3151,1
2dm-3152,0
2dm-3153,1
2dm-3154,1
2dm-3155,0
2dm-3156,0
2dm-3157,1
2dm-3158,0
2dm-3159,1
2dm-3160,1
2dm-3161,1
2dm-3162,0
2dm-3163,1
2dm-3164,0
2dm-3165,1
2dm-3166,1
2dm-3167,0
2dm-3168,1
2dm-3169,1
2dm-3170,1
2dm-3171,1
2dm-3172,1
2dm-3174,1
2dm-3175,1
2dm-3176,0
2dm-3177,0
2dm-3179,0
2dm-3180,1
2dm-3181,1
2dm-3182,1
2dm-3183,1
2dm-3184,1
2dm-3185,1
2dm-3186,1
2dm-3187,1
2dm-3188,0
2dm-3189,1
2dm-3191,0
2dm-3192,1
2dm-3193,1
2dm-3194,0
2dm-3195,1
2dm-3196,1
2dm-3197,1
2dm-3198,1
2dm-3199,1
2dm-3200,0
2dm-3202,1
2dm-3203,0
2dm-3204,1
2dm-3205,1
2dm-3206,0
2dm-3207,1
2dm-3208,0
2dm-3210,0
2dm-3211,1
2dm-3212,1
2dm-3213,1
2dm-3214,1
2dm-3215,0
2dm-3216,0
2dm-3217,1
2dm-3218,1
2dm-3219,1
2dm-3220,1
2dm-3222,1
2dm-3223,1
2dm-3224,1
2dm-3226,0
2dm-3227,1
2dm-3228,0
2dm-3229,1
2dm-3230,1
2dm-3231,1
2dm-3232,1
2dm-3233,1
2dm-3234,1
2dm-3235,1
2dm-3236,1
2dm-3237,1
2dm-3238,1
2dm-3239,1
2dm-3240,0
2dm-3241,1
2dm-3242,0
2dm-3243,0
2dm-3244,1
2dm-3245,1
2dm-3246,1
2dm-3247,1
2dm-3248,0
2dm-3249,1
2dm-3250,0
2dm-3251,1
2dm-3252,1
2dm-3253,1
2dm-3254,1
2dm-3255,1
2dm-3256,0
2dm-3257,0
2dm-3258,1
2dm-3259,1
2dm-3260,1
2dm-3261,1
2dm-3262,1
2dm-3263,0
2dm-3264,1
2dm-3265,1
2dm-3266,1
2dm-3267,0
2dm-3268,1
2dm-3269,0
2dm-3270,1
2dm-3271,0
2dm-3272,1
2dm-3273,1
2dm-3274,1
2dm-3275,1
2dm-3276,1
2dm-3277,1
2dm-3278,0
2dm-3279,1
2dm-3280,1
2dm-3281,1
2dm-3282,1
2dm-3283,1
2dm-3284,1
2dm-3285,1
2dm-3286,1
2dm-3287,0
2dm-3288,0
2dm-3289,0
2dm-3290,1
2dm-3291,1
2dm-3292,1
2dm-3293,0
2dm-3294,1
2dm-3295,1
2dm-3296,1
2dm-3297,1
2dm-3298,1
2dm-3299,1
2dm-3300,1
2dm-3301,1
2dm-3302,0
2dm-3303,1
2dm-3304,0
2dm-3305,1
2dm-3306,1
2dm-3307,0
2dm-3308,1
2dm-3309,1
2dm-3310,1
2dm-3311,0
2dm-3312,0
2dm-3313,1
2dm-3314,1
2dm-3315,0
2dm-3316,1
2dm-3317,0
2dm-3318,0
2dm-3319,0
2dm-3320,1
2dm-3321,1
2dm-3322,1
2dm-3323,1
2dm-3324,0
2dm-3325,1
2dm-3326,0
2dm-3327,1
2dm-3328,1
2dm-3329,0
2dm-3330,0
2dm-3331,1
2dm-3332,1
2dm-3333,1
2dm-3334,0
2dm-3335,0
2dm-3336,1
2dm-3337,0
2dm-3338,0
2dm-3339,1
2dm-3340,0
2dm-3341,1
2dm-3342,1
2dm-3343,1
2dm-3344,1
2dm-3345,1
2dm-3346,1
2dm-3347,1
2dm-3348,1
2dm-3349,1
2dm-3350,1
2dm-3351,1
2dm-3352,0
2dm-3353,1
2dm-3354,1
2dm-3355,1
2dm-3356,0
2dm-3357,0
2dm-3358,1
2dm-3359,1
2dm-3361,1
2dm-3362,1
2dm-3363,0
2dm-3364,0
2dm-3365,1
2dm-3366,1
2dm-3367,1
2dm-3368,1
2dm-3369,1
2dm-3370,1
2dm-3371,1
2dm-3372,1
2dm-3373,1
2dm-3374,0
2dm-3375,0
2dm-3376,0
2dm-3377,1
2dm-3378,1
2dm-3379,1
2dm-3380,1
2dm-3381,1
2dm-3382,1
2dm-3383,0
2dm-3384,1
2dm-3385,1
2dm-3386,1
2dm-3387,0
2dm-3388,0
2dm-3389,1
2dm-3390,1
2dm-3391,0
2dm-3392,1
2dm-3393,0
2dm-3394,1
2dm-3395,1
2dm-3396,1
2dm-3397,1
2dm-3399,1
2dm-3400,0
2dm-3401,1
2dm-3402,1
2dm-3403,0
2dm-3404,0
2dm-3405,0
2dm-3406,0
2dm-3407,0
2dm-3408,0
2dm-3409,0
2dm-3410,1
2dm-3411,1
2dm-3412,0
2dm-3413,1
2dm-3414,1
2dm-3415,0
2dm-3416,0
2dm-3417,1
2dm-3418,1
2dm-3419,1
2dm-3420,1
2dm-3421,0
2dm-3422,1
2dm-3423,0
2dm-3424,0
2dm-3425,1
2dm-3426,0
2dm-3427,1
2dm-3428,1
2dm-3429,1
2dm-3430,0
2dm-3431,1
2dm-3432,1
2dm-3433,0
2dm-3434,1
2dm-3435,1
2dm-3436,1
2dm-3437,0
2dm-3438,1
2dm-3439,0
2dm-3440,0
2dm-3441,1
2dm-3442,0
2dm-3443,0
2dm-3444,1
2dm-3445,1
2dm-3446,0
2dm-3447,0
2dm-3449,0
2dm-3450,1
2dm-3451,0
2dm-3452,0
2dm-3453,0
2dm-3454,1
2dm-3455,0
2dm-3456,1
2dm-3457,0
2dm-3458,0
2dm-3459,0
2dm-3460,0
2dm-3461,0
2dm-3462,1
2dm-3463,1
2dm-3464,0
2dm-3465,1
2dm-3466,1
2dm-3467,0
2dm-3468,0
2dm-3469,1
2dm-3470,0
2dm-3471,1
2dm-3472,0
2dm-3473,0
2dm-3474,0
2dm-3475,0
2dm-3476,0
2dm-3477,0
2dm-3478,0
2dm-3479,0
2dm-3480,1
2dm-3481,1
2dm-3482,0
2dm-3483,1
2dm-3484,0
2dm-3485,0
2dm-3486,0
2dm-3487,1
2dm-3490,0
2dm-3491,0
2dm-3492,0
2dm-3493,1
2dm-3494,0
2dm-3495,0
2dm-3496,0
2dm-3497,0
2dm-3498,1
2dm-3499,0
2dm-3500,0
2dm-3501,1
2dm-3503,1
2dm-3504,1
2dm-3505,1
2dm-3506,0
2dm-3507,0
2dm-3508,1
2dm-3509,0
2dm-3510,0
2dm-3511,0
2dm-3512,1
2dm-3513,1
2dm-3514,1
2dm-3515,1
2dm-3516,1
2dm-3517,0
2dm-3518,0
2dm-3519,0
2dm-3520,1
2dm-3521,0
2dm-3522,1
2dm-3523,0
2dm-3524,0
2dm-3525,0
2dm-3526,1
2dm-3527,1
2dm-3528,0
2dm-3529,0
2dm-3530,0
2dm-3531,0
2dm-3532,1
2dm-3533,0
2dm-3534,1
2dm-3535,0
2dm-3536,1
2dm-3537,1
2dm-3538,0
2dm-3539,1
2dm-3540,0
2dm-3541,0
2dm-3542,0
2dm-3543,0
2dm-3544,1
2dm-3545,1
2dm-3546,0
2dm-3547,1
2dm-3548,0
2dm-3549,1
2dm-3550,0
2dm-3552,1
2dm-3553,0
2dm-3554,0
2dm-3555,1
2dm-3556,0
2dm-3557,0
2dm-3558,1
2dm-3559,0
2dm-3560,1
2dm-3561,0
2dm-3562,0
2dm-3563,1
2dm-3564,1
2dm-3565,0
2dm-3566,0
2dm-3567,1
2dm-3568,1
2dm-3569,1
2dm-3570,0
2dm-3571,0
2dm-3572,1
2dm-3573,1
2dm-3574,1
2dm-3575,0
2dm-3576,0
2dm-3577,0
2dm-3578,0
2dm-3579,0
2dm-3580,1
2dm-3582,0
2dm-3583,0
2dm-3584,0
2dm-3585,0
2dm-3586,0
2dm-3587,1
2dm-3588,0
2dm-3589,1
2dm-3590,0
2dm-3591,0
2dm-3592,0
2dm-3593,1
2dm-3594,0
2dm-3595,0
2dm-3596,0
2dm-3597,0
2dm-3598,0
2dm-3599,1
2dm-3600,1
2dm-3601,0
2dm-3602,0
2dm-3603,0
2dm-3604,1
2dm-3605,0
2dm-3606,1
2dm-3607,1
2dm-3608,0
2dm-3609,0
2dm-3610,1
2dm-3611,1
2dm-3612,0
2dm-3613,0
2dm-3614,1
2dm-3615,0
2dm-3616,0
2dm-3617,1
2dm-3618,0
2dm-3619,0
2dm-3620,0
2dm-3621,1
2dm-3622,1
2dm-3623,1
2dm-3624,0
2dm-3625,0
2dm-3626,1
2dm-3627,1
2dm-3628,0
2dm-3629,0
2dm-3630,1
2dm-3631,0
2dm-3632,0
2dm-3633,1
2dm-3634,0
2dm-3635,0
2dm-3636,1
2dm-3637,0
2dm-3638,0
2dm-3639,0
2dm-3640,1
2dm-3641,0
2dm-3642,0
2dm-3643,1
2dm-3644,0
2dm-3645,0
2dm-3646,0
2dm-3647,1
2dm-3648,0
2dm-3649,0
2dm-3650,0
2dm-3651,0
2dm-3652,1
2dm-3653,0
2dm-3654,0
2dm-3655,0
2dm-3656,1
2dm-3657,1
2dm-3658,1
2dm-3660,0
2dm-3661,0
2dm-3662,0
2dm-3663,0
2dm-3664,1
2dm-3665,1
2dm-3666,1
2dm-3667,0
2dm-3668,0
2dm-3669,0
2dm-3670,0
2dm-3671,0
2dm-3672,0
2dm-3673,0
2dm-3674,1
2dm-3675,1
2dm-3676,0
2dm-3677,0
2dm-3678,0
2dm-3679,0
2dm-3680,0
2dm-3681,0
2dm-3682,1
2dm-3683,1
2dm-3684,1
2dm-3685,0
2dm-3686,0
2dm-3687,0
2dm-3688,1
2dm-3689,0
2dm-3690,0
2dm-3691,0
2dm-3692,1
2dm-3693,0
2dm-3694,0
2dm-3695,0
2dm-3696,0
2dm-3697,0
2dm-3698,1
2dm-3699,0
2dm-3700,0
2dm-3701,0
2dm-3702,0
2dm-3703,0
2dm-3704,0
2dm-3705,1
2dm-3706,0
2dm-3707,1
2dm-3708,1
2dm-3709,0
2dm-3710,0
2dm-3711,0
2dm-3712,1
2dm-3713,1
2dm-3714,1
2dm-3715,0
2dm-3716,1
2dm-3717,0
2dm-3718,0
2dm-3719,0
2dm-3720,0
2dm-3721,0
2dm-3722,0
2dm-3723,1
2dm-3724,0
2dm-3725,0
2dm-3726,0
2dm-3727,1
2dm-3728,1
2dm-3729,1
2dm-3730,1
2dm-3731,1
2dm-3732,0
2dm-3733,1
2dm-3734,0
2dm-3735,1
2dm-3736,1
2dm-3737,0
2dm-3738,0
2dm-3739,1
2dm-3740,0
2dm-3741,1
2dm-3742,1
2dm-3743,1
2dm-3744,1
2dm-3745,1
2dm-3746,0
2dm-3747,0
2dm-3748,1
2dm-3749,0
2dm-3750,1
2dm-3751,1
2dm-3752,0
2dm-3753,0
2dm-3754,1
2dm-3755,1
2dm-3756,0
2dm-3757,1
2dm-3758,1
2dm-3759,0
2dm-3760,0
2dm-3761,1
2dm-3762,0
2dm-3763,0
2dm-3764,1
2dm-3765,0
2dm-3766,0
2dm-3768,1
2dm-3769,1
2dm-3770,0
2dm-3771,0
2dm-3773,0
2dm-3774,1
2dm-3776,0
2dm-3777,1
2dm-3778,1
2dm-3779,0
2dm-3780,0
2dm-3781,0
2dm-3782,1
2dm-3783,0
2dm-3784,0
2dm-3785,0
2dm-3786,0
2dm-3787,1
2dm-3788,1
2dm-3789,0
2dm-3790,0
2dm-3791,0
2dm-3792,0
2dm-3793,0
2dm-3794,0
2dm-3795,0
2dm-3796,0
2dm-3797,0
2dm-3798,1
2dm-3800,0
2dm-3801,1
2dm-3802,0
2dm-3803,0
2dm-3804,1
2dm-3805,1
2dm-3806,1
2dm-3807,0
2dm-3808,0
2dm-3809,0
2dm-3810,0
2dm-3811,0
2dm-3812,0
2dm-3813,0
2dm-3814,0
2dm-3815,1
2dm-3816,0
2dm-3817,1
2dm-3818,1
2dm-3820,0
2dm-3821,0
2dm-3822,0
2dm-3823,0
2dm-3824,0
2dm-3825,0
2dm-3827,0
2dm-3828,0
2dm-3829,1
2dm-3830,1
2dm-3831,0
2dm-3832,0
2dm-3833,0
2dm-3834,0
2dm-3835,0
2dm-3836,1
2dm-3837,0
2dm-3838,0
2dm-3839,0
2dm-3840,1
2dm-3841,0
2dm-3842,0
2dm-3843,1
2dm-3844,0
2dm-3845,1
2dm-3846,0
2dm-3847,0
2dm-3848,1
2dm-3849,0
2dm-3850,0
2dm-3851,1
2dm-3852,0
2dm-3853,1
2dm-3854,0
2dm-3855,0
2dm-3856,1
2dm-3857,1
2dm-3858,1
2dm-3859,0
2dm-3860,1
2dm-3861,1
2dm-3862,1
2dm-3863,1
2dm-3864,1
2dm-3865,0
2dm-3866,0
2dm-3867,0
2dm-3868,0
2dm-3869,0
2dm-3870,1
2dm-3871,1
2dm-3872,0
2dm-3873,1
2dm-3874,0
2dm-3875,0
2dm-3876,0
2dm-3877,0
2dm-3878,0
2dm-3879,0
2dm-3880,1
2dm-3881,0
2dm-3882,1
2dm-3883,0
2dm-3884,0
2dm-3885,0
2dm-3886,0
2dm-3887,1
2dm-3888,1
2dm-3889,1
2dm-3890,0
2dm-3891,1
2dm-3892,1
2dm-3893,0
2dm-3894,0
2dm-3895,1
2dm-3896,0
2dm-3897,0
2dm-3898,0
2dm-3899,1
2dm-3900,1
2dm-3901,0
2dm-3902,1
2dm-3903,1
2dm-3904,0
2dm-3905,1
2dm-3906,1
2dm-3907,0
2dm-3908,0
2dm-3909,1
2dm-3910,0
2dm-3911,1
2dm-3912,1
2dm-3913,0
2dm-3914,1
2dm-3915,0
2dm-3916,1
2dm-3917,0
2dm-3918,0
2dm-3919,1
2dm-3920,0
2dm-3921,1
2dm-3922,0
2dm-3923,0
2dm-3924,1
2dm-3925,0
2dm-3926,1
2dm-3927,0
2dm-3928,0
2dm-3929,0
2dm-3930,1
2dm-3931,0
2dm-3932,0
2dm-3933,0
2dm-3934,0
2dm-3935,1
2dm-3936,0
2dm-3937,0
2dm-3938,1
2dm-3939,0
2dm-3940,1
2dm-3941,1
2dm-3942,1
2dm-3943,1
2dm-3944,0
2dm-3945,0
2dm-3946,1
2dm-3947,0
2dm-3948,1
2dm-3949,1
2dm-3950,1
2dm-3954,1
2dm-3955,0
2dm-3956,0
2dm-3957,0
2dm-3958,1
2dm-3959,0
2dm-3960,0
2dm-3961,1
2dm-3962,1
2dm-3963,0
2dm-3964,1
2dm-3965,0
2dm-3966,0
2dm-3967,1
2dm-3968,0
2dm-3969,0
2dm-3970,0
2dm-3971,0
2dm-3972,0
2dm-3973,0
2dm-3975,1
2dm-3976,0
2dm-3977,0
2dm-3978,0
2dm-3979,0
2dm-3980,0
2dm-3981,1
2dm-3982,1
2dm-3983,0
2dm-3985,0
2dm-3986,0
2dm-3987,0
2dm-3988,1
2dm-3989,1
2dm-3990,1
2dm-3991,0
2dm-3992,0
2dm-3993,0
2dm-3994,1
2dm-3995,1
2dm-3996,0
2dm-3997,1
2dm-3998,1
2dm-3999,0
2dm-4000,1
2dm-4001,1
2dm-4002,0
2dm-4003,1
2dm-4004,1
2dm-4005,0
2dm-4006,0
2dm-4007,1
2dm-4008,0
2dm-4009,0
2dm-4010,1
2dm-4011,0
2dm-4012,0
2dm-4013,1
2dm-4014,1
2dm-4015,0
2dm-4016,1
2dm-4017,1
2dm-4018,0
2dm-4019,0
2dm-4020,1
2dm-4021,0
2dm-4022,1
2dm-4023,1
2dm-4024,0
2dm-4025,1
2dm-4026,0
2dm-4027,0
2dm-4028,0
2dm-4029,1
2dm-4030,1
2dm-4032,1
2dm-4033,1
2dm-4034,1
2dm-4035,0
2dm-4036,1
2dm-4037,0
2dm-4038,1
2dm-4039,1
2dm-4040,0
2dm-4041,1
2dm-4042,0
2dm-4043,0
2dm-4044,0
2dm-4045,0
2dm-4046,1
2dm-4047,0
2dm-4048,0
2dm-4049,1
2dm-4050,0
2dm-4051,0
2dm-4052,0
2dm-4053,0
2dm-4054,0
2dm-4055,0
2dm-4056,0
2dm-4057,1
2dm-4058,1
2dm-4059,0
2dm-4060,0
2dm-4061,0
2dm-4062,1
2dm-4063,0
2dm-4064,1
2dm-4065,1
2dm-4066,1
2dm-4067,1
2dm-4068,1
2dm-4069,1
2dm-4070,1
2dm-4071,1
2dm-4072,0
2dm-4073,1
2dm-4075,1
2dm-4076,1
2dm-4077,1
2dm-4078,1
2dm-4079,0
2dm-4080,0
2dm-4081,1
2dm-4082,0
2dm-4083,0
2dm-4084,1
2dm-4085,0
2dm-4086,0
2dm-4087,0
2dm-4088,1
2dm-4089,0
2dm-4090,1
2dm-4091,0
2dm-4092,1
2dm-4093,0
2dm-4094,1
2dm-4095,0
2dm-4096,0
2dm-4097,0
2dm-4098,1
2dm-4099,1
2dm-4100,0
2dm-4101,1
2dm-4102,0
2dm-4103,1
2dm-4104,0
2dm-4105,0
2dm-4106,1
2dm-4107,0
2dm-4108,1
2dm-4109,0
2dm-4110,1
2dm-4111,1
2dm-4112,1
2dm-4113,0
2dm-4114,1
2dm-4115,0
2dm-4116,1
2dm-4117,0
2dm-4118,1
2dm-4119,0
2dm-4120,1
2dm-4121,0
2dm-4122,1
2dm-4123,1
2dm-4124,1
2dm-4125,0
2dm-4126,0
2dm-4127,1
2dm-4128,1
2dm-4129,0
2dm-4130,0
2dm-4131,1
2dm-4132,0
2dm-4133,0
2dm-4134,1
2dm-4135,1
2dm-4136,0
2dm-4137,1
2dm-4138,1
2dm-4139,1
2dm-4140,0
2dm-4141,1
2dm-4142,0
2dm-4143,1
2dm-4144,1
2dm-4145,0
2dm-4146,1
2dm-4147,0
2dm-4148,1
2dm-4150,0
2dm-4151,1
2dm-4152,0
2dm-4153,1
2dm-4154,1
2dm-4155,0
2dm-4156,1
2dm-4157,0
2dm-4158,0
2dm-4159,1
2dm-4160,1
2dm-4161,0
2dm-4162,1
2dm-4163,1
2dm-4164,1
2dm-4165,1
2dm-4166,0
2dm-4167,0
2dm-4168,0
2dm-4169,0
2dm-4170,0
2dm-4171,1
2dm-4172,0
2dm-4173,1
2dm-4174,1
2dm-4175,1
2dm-4176,1
2dm-4177,1
2dm-4178,0
2dm-4179,0
2dm-4180,1
2dm-4181,1
2dm-4182,0
2dm-4183,0
2dm-4184,1
2dm-4185,1
2dm-4186,1
2dm-4187,0
2dm-4188,0
2dm-4189,0
2dm-4190,1
2dm-4191,0
2dm-4192,0
2dm-4193,0
2dm-4194,0
2dm-4195,0
2dm-4196,1
2dm-4197,0
2dm-4198,1
2dm-4199,1
2dm-4200,0
2dm-4201,1
2dm-4202,0
2dm-4203,0
2dm-4204,0
2dm-4205,1
2dm-4206,0
2dm-4207,0
2dm-4208,0
2dm-4209,0
2dm-4210,1
2dm-4211,1
2dm-4212,1
2dm-4213,1
2dm-4214,0
2dm-4215,0
2dm-4216,0
2dm-4217,1
2dm-4218,0
2dm-4219,0
2dm-4220,1
2dm-4221,0
2dm-4222,1
2dm-4223,1
2dm-4224,1
2dm-4225,0
2dm-4226,0
2dm-4227,1
2dm-4228,1
2dm-4229,0
2dm-4230,0
2dm-4231,0
2dm-4232,0
2dm-4233,1
2dm-4234,0
2dm-4235,0
2dm-4236,1
2dm-4237,1
2dm-4238,0
2dm-4239,1
2dm-4240,1
2dm-4241,1
2dm-4242,0
2dm-4243,1
2dm-4244,0
2dm-4245,1
2dm-4246,0
2dm-4248,1
2dm-4249,0
2dm-4250,0
2dm-4251,0
2dm-4253,0
2dm-4254,0
2dm-4255,0
2dm-4256,1
2dm-4257,0
2dm-4258,1
2dm-4259,1
2dm-4260,1
2dm-4261,0
2dm-4262,1
2dm-4263,1
2dm-4264,1
2dm-4265,1
2dm-4266,1
2dm-4267,0
2dm-4268,0
2dm-4269,0
2dm-4270,1
2dm-4271,1
2dm-4272,1
2dm-4273,0
2dm-4274,1
2dm-4275,0
2dm-4276,1
2dm-4277,1
2dm-4278,1
2dm-4279,1
2dm-4280,1
2dm-4281,0
2dm-4282,1
2dm-4283,0
2dm-4284,1
2dm-4285,1
2dm-4286,0
2dm-4288,0
2dm-4289,1
2dm-4290,0
2dm-4291,1
2dm-4292,0
2dm-4293,1
2dm-4294,1
2dm-4295,0
2dm-4296,1
2dm-4297,1
2dm-4298,1
2dm-4299,0
2dm-4300,1
2dm-4301,0
2dm-4302,0
2dm-4304,0
2dm-4305,0
2dm-4306,0
2dm-4307,0
2dm-4308,1
2dm-4309,1
2dm-4310,1
2dm-4311,0
2dm-4312,0
2dm-4313,0
2dm-4314,1
2dm-4315,0
2dm-4316,0
2dm-4317,1
2dm-4318,1
2dm-4319,0
2dm-4320,1
2dm-4321,0
2dm-4322,1
2dm-4323,1
2dm-4324,1
2dm-4325,1
2dm-4327,0
2dm-4328,1
2dm-4329,0
2dm-4330,1
2dm-4331,0
2dm-4332,0
2dm-4333,0
2dm-4334,1
2dm-4335,1
2dm-4336,0
2dm-4337,0
2dm-4338,1
2dm-4339,1
2dm-4340,0
2dm-4341,1
2dm-4342,1
2dm-4343,1
2dm-4344,1
2dm-4345,1
2dm-4346,1
2dm-4347,1
2dm-4348,1
2dm-4349,1
2dm-4350,1
2dm-4351,1
2dm-4352,1
2dm-4353,1
2dm-4354,1
2dm-4355,0
2dm-4356,0
2dm-4357,0
2dm-4358,0
2dm-4359,0
2dm-4360,1
2dm-4361,1
2dm-4362,1
2dm-4363,0
2dm-4364,1
2dm-4365,0
2dm-4366,1
2dm-4367,1
2dm-4368,1
2dm-4369,1
2dm-4370,1
2dm-4371,0
2dm-4372,1
2dm-4373,1
2dm-4374,1
2dm-4375,0
2dm-4376,0
2dm-4377,1
2dm-4378,0
2dm-4379,0
2dm-4380,0
2dm-4381,0
2dm-4382,1
2dm-4383,1
2dm-4384,1
2dm-4385,1
2dm-4386,1
2dm-4387,1
2dm-4388,0
2dm-4389,1
2dm-4390,0
2dm-4391,1
2dm-4392,1
2dm-4394,0
2dm-4395,0
2dm-4396,1
2dm-4397,1
2dm-4398,0
2dm-4399,1
2dm-4400,0
2dm-4401,0
2dm-4402,0
2dm-4403,0
2dm-4404,1
2dm-4405,1
2dm-4406,0
2dm-4407,0
2dm-4408,0
2dm-4409,0
2dm-4410,1
2dm-4411,1
2dm-4412,0
2dm-4413,1
2dm-4414,1
2dm-4415,0
2dm-4416,0
2dm-4417,1
2dm-4418,0
2dm-4419,1
2dm-4420,1
2dm-4421,1
2dm-4422,1
2dm-4423,1
2dm-4424,0
2dm-4425,1
2dm-4426,1
2dm-4427,1
2dm-4428,1
2dm-4430,1
2dm-4431,1
2dm-4432,1
2dm-4433,1
2dm-4434,1
2dm-4435,0
2dm-4436,0
2dm-4437,0
2dm-4438,0
2dm-4439,1
2dm-4440,1
2dm-4441,1
2dm-4443,1
2dm-4444,0
2dm-4445,0
2dm-4446,1
2dm-4447,1
2dm-4448,1
2dm-4449,1
2dm-4450,1
2dm-4451,0
2dm-4452,0
2dm-4453,0
2dm-4454,0
2dm-4455,0
2dm-4456,0
2dm-4457,0
2dm-4458,0
2dm-4459,0
2dm-4460,1
2dm-4461,0
2dm-4462,0
2dm-4463,1
2dm-4464,1
2dm-4465,1
2dm-4466,1
2dm-4467,1
2dm-4468,0
2dm-4469,1
2dm-4470,1
2dm-4471,1
2dm-4472,1
2dm-4473,1
2dm-4474,0
2dm-4475,0
2dm-4476,0
2dm-4477,1
2dm-4478,0
2dm-4479,1
2dm-4480,1
2dm-4481,1
2dm-4482,1
2dm-4483,0
2dm-4484,0
2dm-4485,0
2dm-4486,0
2dm-4487,1
2dm-4488,1
2dm-4489,1
2dm-4490,1
2dm-4491,0
2dm-4492,0
2dm-4493,0
2dm-4495,1
2dm-4496,1
2dm-4497,1
2dm-4498,0
2dm-4499,1
2dm-4500,1
2dm-4501,0
2dm-4502,1
2dm-4503,0
2dm-4504,1
2dm-4505,1
2dm-4506,1
2dm-4507,0
2dm-4508,0
2dm-4509,1
2dm-4510,1
2dm-4511,1
2dm-4512,0
2dm-4513,0
2dm-4514,0
2dm-4515,1
2dm-4516,1
2dm-4517,0
2dm-4518,1
2dm-4519,1
2dm-4520,0
2dm-4521,1
2dm-4522,0
2dm-4523,0
2dm-4524,0
2dm-4525,0
2dm-4526,1
2dm-4527,1
2dm-4529,1
2dm-4530,1
2dm-4531,0
2dm-4532,1
2dm-4533,1
2dm-4534,1
2dm-4535,1
2dm-4536,0
2dm-4537,1
2dm-4538,0
2dm-4539,0
2dm-4540,1
2dm-4541,0
2dm-4542,0
2dm-4543,0
2dm-4544,0
2dm-4545,1
2dm-4546,0
2dm-4547,1
2dm-4548,0
2dm-4549,0
2dm-4550,0
2dm-4551,1
2dm-4552,0
2dm-4553,1
2dm-4554,0
2dm-4555,1
2dm-4556,1
2dm-4557,0
2dm-4558,0
2dm-4559,1
2dm-4560,0
2dm-4561,1
2dm-4562,1
2dm-4563,1
2dm-4564,0
2dm-4565,1
2dm-4566,1
2dm-4567,1
2dm-4568,0
2dm-4569,1
2dm-4570,1
2dm-4571,0
2dm-4572,1
2dm-4573,1
2dm-4575,1
2dm-4576,0
2dm-4577,1
2dm-4579,1
2dm-4580,1
2dm-4581,0
2dm-4582,0
2dm-4583,0
2dm-4584,1
2dm-4585,1
2dm-4586,1
2dm-4587,0
2dm-4588,0
2dm-4590,1
2dm-4591,0
2dm-4592,1
2dm-4593,1
2dm-4594,1
2dm-4595,1
2dm-4596,1
2dm-4597,0
2dm-4598,1
2dm-4599,0
2dm-4600,1
2dm-4601,1
2dm-4602,1
2dm-4603,1
2dm-4604,1
2dm-4605,0
2dm-4606,0
2dm-4607,1
2dm-4608,0
2dm-4609,0
2dm-4610,1
2dm-4611,1
2dm-4612,0
2dm-4613,0
2dm-4614,0
2dm-4615,0
2dm-4616,1
2dm-4617,0
2dm-4618,1
2dm-4619,1
2dm-4620,0
2dm-4621,0
2dm-4622,1
2dm-4623,1
2dm-4624,1
2dm-4625,1
2dm-4626,1
2dm-4627,0
2dm-4628,0
2dm-4629,0
2dm-4630,1
2dm-4631,1
2dm-4632,1
2dm-4633,1
2dm-4634,0
2dm-4635,1
2dm-4637,1
2dm-4638,1
2dm-4639,1
2dm-4640,1
2dm-4641,0
2dm-4642,1
2dm-4643,1
2dm-4644,1
2dm-4645,0
2dm-4646,0
2dm-4648,1
2dm-4649,1
2dm-4650,0
2dm-4651,1
2dm-4652,0
2dm-4653,0
2dm-4654,1
2dm-4655,1
2dm-4656,0
2dm-4657,1
2dm-4658,0
2dm-4659,1
2dm-4660,1
2dm-4661,1
2dm-4662,0
2dm-4663,0
2dm-4664,0
2dm-4665,1
2dm-4666,0
2dm-4667,1
2dm-4668,0
2dm-4670,1
2dm-4671,0
2dm-4672,0
2dm-4673,1
2dm-4674,0
2dm-4675,0
2dm-4676,1
2dm-4677,0
2dm-4678,1
2dm-4679,1
2dm-4680,1
2dm-4681,1
2dm-4683,1
2dm-4684,0
2dm-4685,1
2dm-4686,1
2dm-4687,1
2dm-4689,1
2dm-4690,1
2dm-4691,0
2dm-4692,1
2dm-4693,1
2dm-4694,1
2dm-4695,1
2dm-4696,0
2dm-4697,0
2dm-4698,1
2dm-4699,0
2dm-4700,1
2dm-4701,0
2dm-4702,1
2dm-4703,0
2dm-4704,0
2dm-4705,1
2dm-4706,0
2dm-4707,0
2dm-4708,1
2dm-4709,1
2dm-4710,0
2dm-4711,1
2dm-4712,0
2dm-4713,0
2dm-4714,1
2dm-4715,0
2dm-4716,0
2dm-4717,0
2dm-4718,1
2dm-4719,0
2dm-4720,1
2dm-4721,1
2dm-4722,0
2dm-4723,0
2dm-4724,0
2dm-4725,0
2dm-4726,1
2dm-4727,0
2dm-4728,1
2dm-4729,1
2dm-4730,0
2dm-4731,1
2dm-4732,0
2dm-4733,0
2dm-4734,0
2dm-4735,1
2dm-4736,1
2dm-4737,1
2dm-4738,1
2dm-4739,0
2dm-4740,1
2dm-4741,0
2dm-4742,0
2dm-4743,0
2dm-4744,0
2dm-4745,0
2dm-4746,1
2dm-4747,1
2dm-4748,1
2dm-4749,0
2dm-4750,0
2dm-4751,0
2dm-4752,1
2dm-4753,0
2dm-4754,1
2dm-4755,0
2dm-4756,1
2dm-4757,1
2dm-4758,0
2dm-4759,1
2dm-4760,1
2dm-4761,0
2dm-4762,1
2dm-4763,0
2dm-4764,0
2dm-4765,1
2dm-4766,1
2dm-4767,1
2dm-4768,1
2dm-4769,0
2dm-4770,1
2dm-4771,1
2dm-4772,0
2dm-4773,0
2dm-4774,0
2dm-4775,1
2dm-4776,0
2dm-4777,1
2dm-4778,1
2dm-4779,1
2dm-4780,0
2dm-4781,0
2dm-4782,0
2dm-4783,0
2dm-4784,0
2dm-4785,0
2dm-4786,1
2dm-4787,0
2dm-4788,0
2dm-4789,0
2dm-4790,1
2dm-4791,0
2dm-4792,1
2dm-4793,1
2dm-4794,1
2dm-4795,0
2dm-4796,0
2dm-4797,0
2dm-4798,1
2dm-4799,1
2dm-4800,0
2dm-4801,0
2dm-4802,0
2dm-4803,0
2dm-4804,1
2dm-4805,0
2dm-4806,1
2dm-4807,1
2dm-4808,0
2dm-4809,0
2dm-4810,1
2dm-4811,0
2dm-4812,0
2dm-4813,1
2dm-4814,1
2dm-4815,1
2dm-4816,0
2dm-4817,1
2dm-4818,1
2dm-4819,0
2dm-4820,1
2dm-4821,0
2dm-4822,0
2dm-4823,0
2dm-4824,0
2dm-4825,0
2dm-4826,1
2dm-4827,1
2dm-4828,0
2dm-4829,0
2dm-4830,1
2dm-4831,1
2dm-4832,1
2dm-4833,1
2dm-4834,1
2dm-4835,1
2dm-4836,0
2dm-4837,1
2dm-4838,1
2dm-4839,1
2dm-4840,1
2dm-4841,1
2dm-4842,0
2dm-4843,0
2dm-4844,1
2dm-4845,0
2dm-4846,0
2dm-4847,0
2dm-4848,0
2dm-4849,0
2dm-4850,1
2dm-4851,0
2dm-4852,0
2dm-4853,1
2dm-4854,1
2dm-4855,1
2dm-4856,1
2dm-4857,1
2dm-4858,1
2dm-4859,0
2dm-4860,0
2dm-4861,0
2dm-4862,1
2dm-4863,1
2dm-4864,1
2dm-4865,1
2dm-4866,0
2dm-4867,0
2dm-4868,1
2dm-4869,0
2dm-4870,1
2dm-4871,1
2dm-4872,1
2dm-4873,1
2dm-4874,1
2dm-4875,1
2dm-4876,1
2dm-4877,0
2dm-4878,1
2dm-4879,1
2dm-4880,0
2dm-4881,0
2dm-4882,0
2dm-4883,1
2dm-4884,1
2dm-4885,0
2dm-4886,0
2dm-4887,0
2dm-4888,0
2dm-4889,1
2dm-4890,0
2dm-4891,1
2dm-4892,1
2dm-4893,1
2dm-4894,0
2dm-4895,1
2dm-4896,1
2dm-4897,1
2dm-4898,0
2dm-4900,1
2dm-4901,0
2dm-4902,1
2dm-4903,0
2dm-4904,1
2dm-4905,0
2dm-4906,0
2dm-4907,1
2dm-4908,0
2dm-4909,1
2dm-4910,1
2dm-4911,0
2dm-4912,0
2dm-4913,0
2dm-4914,0
2dm-4915,1
2dm-4916,0
2dm-4917,0
2dm-4918,0
2dm-4919,1
2dm-4920,1
2dm-4921,1
2dm-4922,1
2dm-4923,1
2dm-4924,0
2dm-4925,1
2dm-4926,1
2dm-4927,0
2dm-4928,0
2dm-4929,0
2dm-4930,1
2dm-4931,0
2dm-4932,0
2dm-4933,0
2dm-4934,0
2dm-4935,0
2dm-4936,0
2dm-4937,1
2dm-4938,0
2dm-4939,1
2dm-4940,1
2dm-4941,1
2dm-4942,0
2dm-4944,1
2dm-4945,0
2dm-4946,0
2dm-4947,1
2dm-4948,1
2dm-4949,1
2dm-4950,1
2dm-4951,0
2dm-4952,1
2dm-4953,1
2dm-4954,0
2dm-4955,0
2dm-4956,1
2dm-4957,1
2dm-4958,0
2dm-4959,1
2dm-4960,0
2dm-4961,0
2dm-4962,1
2dm-4963,1
2dm-4964,0
2dm-4965,0
2dm-4966,1
2dm-4967,0
2dm-4968,0
2dm-4969,0
2dm-4970,1
2dm-4971,1
2dm-4972,0
2dm-4973,1
2dm-4974,0
2dm-4975,1
2dm-4976,0
2dm-4977,1
2dm-4978,0
2dm-4979,1
2dm-4980,0
2dm-4981,0
2dm-4982,0
2dm-4983,0
2dm-4984,1
2dm-4985,0
2dm-4986,1
2dm-4987,1
2dm-4988,1
2dm-4989,0
2dm-4991,0
2dm-4992,1
2dm-4993,1
2dm-4994,1
2dm-4995,1
2dm-4996,0
2dm-4998,0
2dm-4999,1
2dm-5000,1
2dm-5001,0
2dm-5002,0
2dm-5003,0
2dm-5004,0
2dm-5005,0
2dm-5006,0
2dm-5007,1
2dm-5008,1
2dm-5009,1
2dm-5010,0
2dm-5011,1
2dm-5012,1
2dm-5013,1
2dm-5014,0
2dm-5015,0
2dm-5016,1
2dm-5017,1
2dm-5018,1
2dm-5019,1
2dm-5020,1
2dm-5021,1
2dm-5022,1
2dm-5023,1
2dm-5024,1
2dm-5025,1
2dm-5026,1
2dm-5027,0
2dm-5028,0
2dm-5029,0
2dm-5030,1
2dm-5031,1
2dm-5032,1
2dm-5033,0
2dm-5034,0
2dm-5035,1
2dm-5036,1
2dm-5038,1
2dm-5039,1
2dm-5040,1
2dm-5041,0
2dm-5042,1
2dm-5043,0
2dm-5044,1
2dm-5045,1
2dm-5046,1
2dm-5047,1
2dm-5048,1
2dm-5049,1
2dm-5050,0
2dm-5051,0
2dm-5052,0
2dm-5053,0
2dm-5054,1
2dm-5055,1
2dm-5056,1
2dm-5057,1
2dm-5058,0
2dm-5059,0
2dm-5060,0
2dm-5061,1
2dm-5062,1
2dm-5063,1
2dm-5064,0
2dm-5065,1
2dm-5066,0
2dm-5067,0
2dm-5068,1
2dm-5069,1
2dm-5070,0
2dm-5071,0
2dm-5072,0
2dm-5073,0
2dm-5074,1
2dm-5075,1
2dm-5076,0
2dm-5077,0
2dm-5078,0
2dm-5079,0
2dm-5080,1
2dm-5081,0
2dm-5082,1
2dm-5083,0
2dm-5084,0
2dm-5085,1
2dm-5086,1
2dm-5087,1
2dm-5088,0
2dm-5089,1
2dm-5090,1
2dm-5091,1
2dm-5092,0
2dm-5093,0
2dm-5094,1
2dm-5095,1
2dm-5096,1
2dm-5097,0
2dm-5099,1
2dm-5100,0
2dm-5101,1
2dm-5102,0
2dm-5103,0
2dm-5104,1
2dm-5105,1
2dm-5106,0
2dm-5107,0
2dm-5108,0
2dm-5109,0
2dm-5110,1
2dm-5111,0
2dm-5112,1
2dm-5113,0
2dm-5114,0
2dm-5115,1
2dm-5116,0
2dm-5117,1
2dm-5118,0
2dm-5119,1
2dm-5120,1
2dm-5121,0
2dm-5122,1
2dm-5123,1
2dm-5124,1
2dm-5125,0
2dm-5126,0
2dm-5127,1
2dm-5128,1
2dm-5129,1
2dm-5130,0
2dm-5131,0
2dm-5132,0
2dm-5133,1
2dm-5134,0
2dm-5135,1
2dm-5136,0
2dm-5137,1
2dm-5138,1
2dm-5139,0
2dm-5140,1
2dm-5141,0
2dm-5142,1
2dm-5143,1
2dm-5144,1
2dm-5145,0
2dm-5146,0
2dm-5147,0
2dm-5148,1
2dm-5149,1
2dm-5150,1
2dm-5151,0
2dm-5152,0
2dm-5153,1
2dm-5154,1
2dm-5155,0
2dm-5156,0
2dm-5157,1
2dm-5158,1
2dm-5159,1
2dm-5160,0
2dm-5161,1
2dm-5162,1
2dm-5163,1
2dm-5164,1
2dm-5165,1
2dm-5166,1
2dm-5167,1
2dm-5168,0
2dm-5169,0
2dm-5170,0
2dm-5171,0
2dm-5172,0
2dm-5173,1
2dm-5174,0
2dm-5175,1
2dm-5176,0
2dm-5177,1
2dm-5178,1
2dm-5179,1
2dm-5180,1
2dm-5181,1
2dm-5182,0
2dm-5183,1
2dm-5184,0
2dm-5185,1
2dm-5186,1
2dm-5187,1
2dm-5188,0
2dm-5189,0
2dm-5190,1
2dm-5191,0
2dm-5192,1
2dm-5193,1
2dm-5194,1
2dm-5195,0
2dm-5196,1
2dm-5197,1
2dm-5198,1
2dm-5199,1
2dm-5200,0
2dm-5201,1
2dm-5202,0
2dm-5203,0
2dm-5204,0
2dm-5205,0
2dm-5206,1
2dm-5207,1
2dm-5208,1
2dm-5209,0
2dm-5210,0
2dm-5211,1
2dm-5212,1
2dm-5213,0
2dm-5214,1
2dm-5215,1
2dm-5216,0
2dm-5217,0
2dm-5218,1
2dm-5219,1
2dm-5220,0
2dm-5221,0
2dm-5223,1
2dm-5224,1
2dm-5225,0
2dm-5226,0
2dm-5227,0
2dm-5228,0
2dm-5229,1
2dm-5230,0
2dm-5231,1
2dm-5232,0
2dm-5233,1
2dm-5234,0
2dm-5236,1
2dm-5238,0
2dm-5239,0
2dm-5240,0
2dm-5241,1
2dm-5242,1
2dm-5243,0
2dm-5244,1
2dm-5245,0
2dm-5246,0
2dm-5247,0
2dm-5248,0
2dm-5249,0
2dm-5250,1
2dm-5251,0
2dm-5252,0
2dm-5253,1
2dm-5254,1
2dm-5255,0
2dm-5256,0
2dm-5257,1
2dm-5258,1
2dm-5259,0
2dm-5260,0
2dm-5261,1
2dm-5262,1
2dm-5263,0
2dm-5264,0
2dm-5265,0
2dm-5266,1
2dm-5267,0
2dm-5268,0
2dm-5269,0
2dm-5270,1
2dm-5271,1
2dm-5272,1
2dm-5273,1
2dm-5274,0
2dm-5275,1
2dm-5276,1
2dm-5277,0
2dm-5278,1
2dm-5279,1
2dm-5280,1
2dm-5281,1
2dm-5282,0
2dm-5283,0
2dm-5284,0
2dm-5285,0
2dm-5286,1
2dm-5287,1
2dm-5288,0
2dm-5289,1
2dm-5290,0
2dm-5291,0
2dm-5292,0
2dm-5293,0
2dm-5294,1
2dm-5295,0
2dm-5296,0
2dm-5297,1
2dm-5298,1
2dm-5299,1
2dm-5300,1
2dm-5301,1
2dm-5302,0
2dm-5303,1
2dm-5304,0
2dm-5305,1
2dm-5306,1
2dm-5307,0
2dm-5308,0
2dm-5309,1
2dm-5310,0
2dm-5311,1
2dm-5312,0
2dm-5313,1
2dm-5314,0
2dm-5315,1
2dm-5316,0
2dm-5317,0
2dm-5318,1
2dm-5319,0
2dm-5320,1
2dm-5321,1
2dm-5322,1
2dm-5323,0
2dm-5324,0
2dm-5325,1
2dm-5326,0
2dm-5327,1
2dm-5328,0
2dm-5329,0
2dm-5330,0
2dm-5331,1
2dm-5332,1
2dm-5333,1
2dm-5334,1
2dm-5335,0
2dm-5336,1
2dm-5337,1
2dm-5338,1
2dm-5339,1
2dm-5340,1
2dm-5341,0
2dm-5342,0
2dm-5343,1
2dm-5344,0
2dm-5345,1
2dm-5346,0
2dm-5347,1
2dm-5348,0
2dm-5349,1
2dm-5350,1
2dm-5351,1
2dm-5352,1
2dm-5353,1
2dm-5354,1
2dm-5355,0
2dm-5356,1
2dm-5357,1
2dm-5358,1
2dm-5359,0
2dm-5360,1
2dm-5361,0
2dm-5362,1
2dm-5363,0
2dm-5365,1
2dm-5366,0
2dm-5367,0
2dm-5368,1
2dm-5369,0
2dm-5370,0
2dm-5371,0
2dm-5372,0
2dm-5373,1
2dm-5374,0
2dm-5375,1
2dm-5376,1
2dm-5377,0
2dm-5378,1
2dm-5379,1
2dm-5380,0
2dm-5381,0
2dm-5382,0
2dm-5383,1
2dm-5384,0
2dm-5385,0
2dm-5386,0
2dm-5387,0
2dm-5388,0
2dm-5389,1
2dm-5390,0
2dm-5391,0
2dm-5392,1
2dm-5393,0
2dm-5394,0
2dm-5395,1
2dm-5396,1
2dm-5397,0
2dm-5398,0
2dm-5399,0
2dm-5400,0
2dm-5401,0
2dm-5402,0
2dm-5403,1
2dm-5404,1
2dm-5405,0
2dm-5406,0
2dm-5407,1
2dm-5408,1
2dm-5409,1
2dm-5410,0
2dm-5411,0
2dm-5412,1
2dm-5413,1
2dm-5414,0
2dm-5415,1
2dm-5416,0
2dm-5417,0
2dm-5419,0
2dm-5420,1
2dm-5421,1
2dm-5422,0
2dm-5423,0
2dm-5424,0
2dm-5425,1
2dm-5426,1
2dm-5427,0
2dm-5428,0
2dm-5429,0
2dm-5430,1
2dm-5431,1
2dm-5432,1
2dm-5433,1
2dm-5434,1
2dm-5435,0
2dm-5436,1
2dm-5437,1
2dm-5438,1
2dm-5439,1
2dm-5440,0
2dm-5441,1
2dm-5442,1
2dm-5443,1
2dm-5444,1
2dm-5445,1
2dm-5446,0
2dm-5447,0
2dm-5448,0
2dm-5449,1
2dm-5450,0
2dm-5451,1
2dm-5452,0
2dm-5453,1
2dm-5454,0
2dm-5455,0
2dm-5456,0
2dm-5457,1
2dm-5458,0
2dm-5459,1
2dm-5460,0
2dm-5461,0
2dm-5462,1
2dm-5464,1
2dm-5466,0
2dm-5467,1
2dm-5468,1
2dm-5469,1
2dm-5470,0
2dm-5471,1
2dm-5472,1
2dm-5473,1
2dm-5474,0
2dm-5475,1
2dm-5476,1
2dm-5477,1
2dm-5478,1
2dm-5479,1
2dm-5480,0
2dm-5481,1
2dm-5482,0
2dm-5483,1
2dm-5484,1
2dm-5485,1
2dm-5486,1
2dm-5487,1
2dm-5488,1
2dm-5489,0
2dm-5490,0
2dm-5491,1
2dm-5492,1
2dm-5493,1
2dm-5494,1
2dm-5495,1
2dm-5496,0
2dm-5497,1
2dm-5498,1
2dm-5499,0
2dm-5500,1
2dm-5501,0
2dm-5502,0
2dm-5503,1
2dm-5504,1
2dm-5505,1
2dm-5506,0
2dm-5507,0
2dm-5508,1
2dm-5509,1
2dm-5510,1
2dm-5511,1
2dm-5512,1
2dm-5513,0
2dm-5514,0
2dm-5515,1
2dm-5516,1
2dm-5517,1
2dm-5518,0
2dm-5519,1
2dm-5520,0
2dm-5521,0
2dm-5522,0
2dm-5523,1
2dm-5524,0
2dm-5525,1
2dm-5526,1
2dm-5527,1
2dm-5528,0
2dm-5529,1
2dm-5530,1
2dm-5531,1
2dm-5532,1
2dm-5533,0
2dm-5534,1
2dm-5535,1
2dm-5536,1
2dm-5537,1
2dm-5538,0
2dm-5539,1
2dm-5540,1
2dm-5541,1
2dm-5542,0
2dm-5543,1
2dm-5544,1
2dm-5545,1
2dm-5546,0
2dm-5547,1
2dm-5549,1
2dm-5550,1
2dm-5551,1
2dm-5552,1
2dm-5553,1
2dm-5554,0
2dm-5555,1
2dm-5556,1
2dm-5557,1
2dm-5558,1
2dm-5559,1
2dm-5560,0
2dm-5561,1
2dm-5562,1
2dm-5563,0
2dm-5564,1
2dm-5565,0
2dm-5566,1
2dm-5567,0
2dm-5568,1
2dm-5569,1
2dm-5570,0
2dm-5571,0
2dm-5572,0
2dm-5573,0
2dm-5574,1
2dm-5575,1
2dm-5576,0
2dm-5577,1
2dm-5578,0
2dm-5579,1
2dm-5580,1
2dm-5581,1
2dm-5582,0
2dm-5583,1
2dm-5584,1
2dm-5585,1
2dm-5586,1
2dm-5587,1
2dm-5588,0
2dm-5589,0
2dm-5590,1
2dm-5591,1
2dm-5592,1
2dm-5593,1
2dm-5594,1
2dm-5595,0
2dm-5596,1
2dm-5597,0
2dm-5598,1
2dm-5599,1
2dm-5600,0
2dm-5601,0
2dm-5602,0
2dm-5603,1
2dm-5604,0
2dm-5605,0
2dm-5606,0
2dm-5607,0
2dm-5608,1
2dm-5609,0
2dm-5611,0
2dm-5612,0
2dm-5613,1
2dm-5614,0
2dm-5615,1
2dm-5616,0
2dm-5617,1
2dm-5618,0
2dm-5619,0
2dm-5620,1
2dm-5621,0
2dm-5622,1
2dm-5623,1
2dm-5624,0
2dm-5625,0
2dm-5626,0
2dm-5627,1
2dm-5628,1
2dm-5630,1
2dm-5631,1
2dm-5632,0
2dm-5633,1
2dm-5634,0
2dm-5635,1
2dm-5636,1
2dm-5637,0
2dm-5638,0
2dm-5639,1
2dm-5640,0
2dm-5641,0
2dm-5642,0
2dm-5643,1
2dm-5644,0
2dm-5645,0
2dm-5646,0
2dm-5647,0
2dm-5648,0
2dm-5649,0
2dm-5650,0
2dm-5651,1
2dm-5652,1
2dm-5653,1
2dm-5654,1
2dm-5655,1
2dm-5656,1
2dm-5657,0
2dm-5658,0
2dm-5659,1
2dm-5660,1
2dm-5661,0
2dm-5662,1
2dm-5663,1
2dm-5664,1
2dm-5665,1
2dm-5667,0
2dm-5668,1
2dm-5669,1
2dm-5670,1
2dm-5671,1
2dm-5672,1
2dm-5673,0
2dm-5674,0
2dm-5675,1
2dm-5676,0
2dm-5677,1
2dm-5678,0
2dm-5679,1
2dm-5680,1
2dm-5681,1
2dm-5682,1
2dm-5683,0
2dm-5684,0
2dm-5685,1
2dm-5686,0
2dm-5687,1
2dm-5688,0
2dm-5689,1
2dm-5690,0
2dm-5691,0
2dm-5692,1
2dm-5693,0
2dm-5694,1
2dm-5695,0
2dm-5696,1
2dm-5697,0
2dm-5698,0
2dm-5699,1
2dm-5700,1
2dm-5701,1
2dm-5702,0
2dm-5703,0
2dm-5704,0
2dm-5705,0
2dm-5706,0
2dm-5707,1
2dm-5708,0
2dm-5709,0
2dm-5710,0
2dm-5711,0
2dm-5712,1
2dm-5713,1
2dm-5714,0
2dm-5715,0
2dm-5716,1
2dm-5717,1
2dm-5718,1
2dm-5719,1
2dm-5720,1
2dm-5721,0
2dm-5722,1
2dm-5723,1
2dm-5724,1
2dm-5725,0
2dm-5726,0
2dm-5727,1
2dm-5728,0
2dm-5729,1
2dm-5731,1
2dm-5732,0
2dm-5733,0
2dm-5734,1
2dm-5735,1
2dm-5736,0
2dm-5737,1
2dm-5738,0
2dm-5739,0
2dm-5740,0
2dm-5741,0
2dm-5742,1
2dm-5743,0
2dm-5744,0
2dm-5745,0
2dm-5746,1
2dm-5747,1
2dm-5748,0
2dm-5749,1
2dm-5750,1
2dm-5751,1
2dm-5752,0
2dm-5753,0
2dm-5754,0
2dm-5755,1
2dm-5756,1
2dm-5757,0
2dm-5758,1
2dm-5759,0
2dm-5760,0
2dm-5761,1
2dm-5762,0
2dm-5763,1
2dm-5764,1
2dm-5765,0
2dm-5766,0
2dm-5767,1
2dm-5768,0
2dm-5769,0
2dm-5770,1
2dm-5771,0
2dm-5772,0
2dm-5773,1
2dm-5774,0
2dm-5775,0
2dm-5776,1
2dm-5777,0
2dm-5778,1
2dm-5779,0
2dm-5780,1
2dm-5781,0
2dm-5782,1
2dm-5783,1
2dm-5784,0
2dm-5785,1
2dm-5786,1
2dm-5787,1
2dm-5788,1
2dm-5789,0
2dm-5790,1
2dm-5791,0
2dm-5792,0
2dm-5793,1
2dm-5795,0
2dm-5796,1
2dm-5797,0
2dm-5798,0
2dm-5799,1
2dm-5800,0
2dm-5801,0
2dm-5802,0
2dm-5803,0
2dm-5804,1
2dm-5805,1
2dm-5806,0
2dm-5807,1
2dm-5808,1
2dm-5809,1
2dm-5810,0
2dm-5811,1
2dm-5812,1
2dm-5813,1
2dm-5814,1
2dm-5815,0
2dm-5816,1
2dm-5817,0
2dm-5818,1
2dm-5819,1
2dm-5820,1
2dm-5821,0
2dm-5822,1
2dm-5823,0
2dm-5824,0
2dm-5825,1
2dm-5826,0
2dm-5828,0
2dm-5829,1
2dm-5830,1
2dm-5831,1
2dm-5832,1
2dm-5833,1
2dm-5834,1
2dm-5835,1
2dm-5836,0
2dm-5837,1
2dm-5838,1
2dm-5839,1
2dm-5840,1
2dm-5841,1
2dm-5842,1
2dm-5843,1
2dm-5844,0
2dm-5845,1
2dm-5846,1
2dm-5847,1
2dm-5848,0
2dm-5849,0
2dm-5850,1
2dm-5851,0
2dm-5852,0
2dm-5853,1
2dm-5854,1
2dm-5855,0
2dm-5856,1
2dm-5857,0
2dm-5858,0
2dm-5859,1
2dm-5860,1
2dm-5861,0
2dm-5862,1
2dm-5863,1
2dm-5864,1
2dm-5865,1
2dm-5866,1
2dm-5867,1
2dm-5868,1
2dm-5869,1
2dm-5870,0
2dm-5871,1
2dm-5873,1
2dm-5874,1
2dm-5875,0
2dm-5876,1
2dm-5877,0
2dm-5878,0
2dm-5879,0
2dm-5880,0
2dm-5881,1
2dm-5882,1
2dm-5884,0
2dm-5885,0
2dm-5886,1
2dm-5887,1
2dm-5888,1
2dm-5889,1
2dm-5890,0
2dm-5891,1
2dm-5892,0
2dm-5893,1
2dm-5894,0
2dm-5895,1
2dm-5896,1
2dm-5897,1
2dm-5899,1
2dm-5900,1
2dm-5901,0
2dm-5902,0
2dm-5903,0
2dm-5904,0
2dm-5905,1
2dm-5906,0
2dm-5907,1
2dm-5908,1
2dm-5909,0
2dm-5910,1
2dm-5911,1
2dm-5912,0
2dm-5913,1
2dm-5914,1
2dm-5915,0
2dm-5916,1
2dm-5917,1
2dm-5918,0
2dm-5919,0
2dm-5920,1
2dm-5921,0
2dm-5922,0
2dm-5924,0
2dm-5925,1
2dm-5926,0
2dm-5927,0
2dm-5928,1
2dm-5929,1