Material,Property,Actual
2dm-2991,1,5.80E-06
2dm-2992,0,0
2dm-2994,0,0
2dm-2995,0,0
2dm-2996,1,0.0289448
2dm-2997,0,0
2dm-2998,1,-0.0009928
2dm-2999,0,0
2dm-3000,1,1.0069919
2dm-3001,1,-2.80E-06
2dm-3002,1,-5.20E-06
2dm-3003,1,4.41E-05
2dm-3004,0,0
2dm-3005,1,-1.70E-06
2dm-3006,1,7.36E-05
2dm-3007,0,0
2dm-3008,1,-0.0001369
2dm-3009,1,0.0034361
2dm-3010,1,2.9997978
2dm-3011,1,-1.30E-05
2dm-3012,1,-3.00E-07
2dm-3013,0,0
2dm-3014,1,1.18E-05
2dm-3015,1,-0.0001304
2dm-3016,1,2.9535744
2dm-3017,0,0
2dm-3018,1,3.9997575
2dm-3019,1,0.5181801
2dm-3020,0,0
2dm-3021,0,0
2dm-3022,1,-9.66E-05
2dm-3023,1,3.90E-06
2dm-3024,0,0
2dm-3025,1,2.0071792
2dm-3026,1,0.0025725
2dm-3027,1,0.0003771
2dm-3028,1,4.3518286
2dm-3029,1,-2.70E-06
2dm-3030,0,0
2dm-3031,1,-1.80E-06
2dm-3032,1,3.9987445
2dm-3033,1,2.54E-05
2dm-3034,0,0
2dm-3035,1,0.228346
2dm-3036,1,6.70E-06
2dm-3037,1,2.60E-06
2dm-3038,1,-3.40E-06
2dm-3039,1,-6.41E-05
2dm-3040,1,-3.00E-07
2dm-3041,1,10.0045607
2dm-3042,1,1.50E-06
2dm-3043,0,0
2dm-3044,1,3.9989333
2dm-3045,0,0
2dm-3047,1,-0.0020429
2dm-3048,1,2.00113
2dm-3049,1,3.00E-07
2dm-3050,0,0
2dm-3051,1,3.14E-05
2dm-3052,1,3.2000483
2dm-3053,1,8.00E-07
2dm-3054,0,0
2dm-3055,1,-4.90E-06
2dm-3056,1,-2.10E-06
2dm-3057,1,-5.90E-06
2dm-3058,1,0.0548584
2dm-3059,1,-6.50E-06
2dm-3060,1,2.85E-05
2dm-3061,1,1.81E-05
2dm-3062,0,0
2dm-3063,0,0
2dm-3064,1,4.001659
2dm-3065,0,0
2dm-3066,1,6.0593483
2dm-3067,1,1.66E-05
2dm-3068,1,-7.00E-07
2dm-3069,1,-5.40E-06
2dm-3070,1,-1.83E-05
2dm-3071,0,0
2dm-3072,1,-6.90E-06
2dm-3073,0,0
2dm-3074,0,0
2dm-3075,1,2.40E-05
2dm-3076,1,2.5762009
2dm-3077,1,-2.00E-06
2dm-3078,1,3.0006645
2dm-3079,0,0
2dm-3080,1,3.41E-05
2dm-3081,0,0
2dm-3082,1,-1.10E-06
2dm-3083,0,0
2dm-3084,0,0
2dm-3085,0,0
2dm-3086,1,1.0002835
2dm-3087,0,0
2dm-3088,0,0
2dm-3089,1,-0.0012194
2dm-3090,0,0
2dm-3091,1,-0.0001875
2dm-3093,1,8.002574
2dm-3094,0,0
2dm-3095,0,0
2dm-3096,1,4.0014585
2dm-3097,0,0
2dm-3098,1,-7.10E-06
2dm-3099,0,0
2dm-3100,1,4.7386064
2dm-3101,1,2.00E-07
2dm-3102,1,3.80E-05
2dm-3103,1,9.00E-07
2dm-3104,1,3.2613469
2dm-3105,1,-3.00E-07
2dm-3106,1,2.5751892
2dm-3107,0,0
2dm-3108,1,1.20E-06
2dm-3109,0,0
2dm-3110,0,0
2dm-3111,0,0
2dm-3112,1,-0.0031073
2dm-3113,1,6.70E-06
2dm-3114,1,-1.22E-05
2dm-3115,0,0
2dm-3116,0,0
2dm-3117,0,0
2dm-3118,1,0.9999987
2dm-3119,1,-2.87E-05
2dm-3120,1,1.90E-06
2dm-3121,1,-3.70E-06
2dm-3122,0,0
2dm-3123,1,2.3981075
2dm-3124,1,3.0065824
2dm-3125,1,1.8366116
2dm-3126,1,1.00E-07
2dm-3127,1,-1.00E-07
2dm-3128,1,2.20E-06
2dm-3129,1,-0.0004908
2dm-3130,0,0
2dm-3131,1,-0.0001514
2dm-3132,1,-4.59E-05
2dm-3133,0,0
2dm-3134,1,-0.0113149
2dm-3135,0,0
2dm-3136,1,-0.0029979
2dm-3137,1,1.21E-05
2dm-3138,1,2.0072417
2dm-3139,1,2.1438787
2dm-3140,1,-6.00E-06
2dm-3141,1,-3.90E-06
2dm-3142,0,0
2dm-3143,1,6.1616746
2dm-3144,1,-1.30E-06
2dm-3145,1,1.2487326
2dm-3146,1,-0.0366972
2dm-3147,1,2.0028059
2dm-3148,1,0.0019794
2dm-3149,1,-2.28E-05
2dm-3150,0,0
2dm-3151,1,3.1925999
2dm-3152,0,0
2dm-3153,1,2.20E-06
2dm-3154,1,-1.90E-06
2dm-3155,0,0
2dm-3156,0,0
2dm-3157,1,0.0001785
2dm-3158,0,0
2dm-3159,1,1.9995045
2dm-3160,1,0.2288104
2dm-3161,1,-0.000189
2dm-3162,0,0
2dm-3163,1,-8.00E-07
2dm-3164,0,0
2dm-3165,1,4.0015664
2dm-3166,1,3.40E-06
2dm-3167,0,0
2dm-3168,1,0.1957231
2dm-3169,1,0.0372116
2dm-3170,1,5.0025178
2dm-3171,1,1.3242422
2dm-3172,1,2.5411211
2dm-3174,1,1.0103507
2dm-3175,1,0.016569
2dm-3176,0,0
2dm-3177,0,0
2dm-3179,0,0
2dm-3180,1,21.0338737
2dm-3181,1,1.0006665
2dm-3182,1,0.0262671
2dm-3183,1,0.0324998
2dm-3184,1,0.3025717
2dm-3185,1,-3.00E-07
2dm-3186,1,-9.00E-07
2dm-3187,1,1.3718201
2dm-3188,0,0
2dm-3189,1,0.0192597
2dm-3191,0,0
2dm-3192,1,6.9087336
2dm-3193,1,0.3506579
2dm-3194,0,0
2dm-3195,1,4.5475083
2dm-3196,1,1.7843883
2dm-3197,1,1.50E-06
2dm-3198,1,1.3750394
2dm-3199,1,5.0002289
2dm-3200,0,0
2dm-3202,1,0.6562547
2dm-3203,0,0
2dm-3204,1,12.0018139
2dm-3205,1,0.0268334
2dm-3206,0,0
2dm-3207,1,4.000534
2dm-3208,0,0
2dm-3210,0,0
2dm-3211,1,0.173084
2dm-3212,1,6.00E-07
2dm-3213,1,6.20E-06
2dm-3214,1,0.9939223
2dm-3215,0,0
2dm-3216,0,0
2dm-3217,1,-2.70E-06
2dm-3218,1,1.3742845
2dm-3219,1,7.0345628
2dm-3220,1,4.0042346
2dm-3222,1,4.0315688
2dm-3223,1,0.0176847
2dm-3224,1,-0.4041239
2dm-3226,0,0
2dm-3227,1,2.74E-05
2dm-3228,0,0
2dm-3229,1,3.9981546
2dm-3230,1,2.9976103
2dm-3231,1,2.53E-05
2dm-3232,1,-0.0002239
2dm-3233,1,0.2941392
2dm-3234,1,-0.0008975
2dm-3235,1,0.0022621
2dm-3236,1,1.999585
2dm-3237,1,9.5480977
2dm-3238,1,4.9417866
2dm-3239,1,1.1784321
2dm-3240,0,0
2dm-3241,1,-3.60E-06
2dm-3242,0,0
2dm-3243,0,0
2dm-3244,1,0.0985924
2dm-3245,1,4.5967731
2dm-3246,1,9.12E-05
2dm-3247,1,12.0007193
2dm-3248,0,0
2dm-3249,1,2.55E-05
2dm-3250,0,0
2dm-3251,1,3.0031553
2dm-3252,1,2.0029184
2dm-3253,1,2.1092154
2dm-3254,1,4.8041045
2dm-3255,1,-2.00E-07
2dm-3256,0,0
2dm-3257,0,0
2dm-3258,1,1.9988128
2dm-3259,1,2.6337964
2dm-3260,1,1.9997757
2dm-3261,1,16.0003637
2dm-3262,1,8.00E-07
2dm-3263,0,0
2dm-3264,1,-0.0082867
2dm-3265,1,-0.0001163
2dm-3266,1,6.90E-06
2dm-3267,0,0
2dm-3268,1,-5.40E-06
2dm-3269,0,0
2dm-3270,1,4.30E-06
2dm-3271,0,0
2dm-3272,1,7.00E-06
2dm-3273,1,1.45E-05
2dm-3274,1,1.50E-06
2dm-3275,1,0.0014628
2dm-3276,1,4.80E-06
2dm-3277,1,5.85E-05
2dm-3278,0,0
2dm-3279,1,0.000445
2dm-3280,1,-0.0013437
2dm-3281,1,0.802422
2dm-3282,1,-1.46E-05
2dm-3283,1,-2.10E-06
2dm-3284,1,6.30E-06
2dm-3285,1,5.50E-06
2dm-3286,1,2.80E-06
2dm-3287,0,0
2dm-3288,0,0
2dm-3289,0,0
2dm-3290,1,0.8186033
2dm-3291,1,0.5585784
2dm-3292,1,6.10E-06
2dm-3293,0,0
2dm-3294,1,1.80E-06
2dm-3295,1,1.00E-07
2dm-3296,1,-1.29E-05
2dm-3297,1,-9.30E-06
2dm-3298,1,2.0309276
2dm-3299,1,-0.0002042
2dm-3300,1,4.5369054
2dm-3301,1,-0.0279447
2dm-3302,0,0
2dm-3303,1,-0.0085644
2dm-3304,0,0
2dm-3305,1,-4.00E-07
2dm-3306,1,1.9989509
2dm-3307,0,0
2dm-3308,1,-4.43E-05
2dm-3309,1,-6.22E-05
2dm-3310,1,-8.99E-05
2dm-3311,0,0
2dm-3312,0,0
2dm-3313,1,1.9996638
2dm-3314,1,-1.00E-05
2dm-3315,0,0
2dm-3316,1,7.4361138
2dm-3317,0,0
2dm-3318,0,0
2dm-3319,0,0
2dm-3320,1,-5.60E-06
2dm-3321,1,-0.002144
2dm-3322,1,-2.00E-06
2dm-3323,1,1.9982335
2dm-3324,0,0
2dm-3325,1,1.3958589
2dm-3326,0,0
2dm-3327,1,1.9508881
2dm-3328,1,2.0183307
2dm-3329,0,0
2dm-3330,0,0
2dm-3331,1,1.0695728
2dm-3332,1,6.00E-07
2dm-3333,1,0.1025172
2dm-3334,0,0
2dm-3335,0,0
2dm-3336,1,15.9995051
2dm-3337,0,0
2dm-3338,0,0
2dm-3339,1,-2.00E-06
2dm-3340,0,0
2dm-3341,1,2.20E-06
2dm-3342,1,-1.40E-06
2dm-3343,1,2.35E-05
2dm-3344,1,0.7087176
2dm-3345,1,-1.90E-06
2dm-3346,1,-2.86E-05
2dm-3347,1,2.9979103
2dm-3348,1,1.05E-05
2dm-3349,1,-0.2218114
2dm-3350,1,4.50E-06
2dm-3351,1,0.0012623
2dm-3352,0,0
2dm-3353,1,4.00E-07
2dm-3354,1,3.00E-06
2dm-3355,1,2.59E-05
2dm-3356,0,0
2dm-3357,0,0
2dm-3358,1,-2.79E-05
2dm-3359,1,1.70E-06
2dm-3361,1,-0.0002967
2dm-3362,1,-1.70E-06
2dm-3363,0,0
2dm-3364,0,0
2dm-3365,1,-0.0027149
2dm-3366,1,-5.00E-07
2dm-3367,1,0.9557137
2dm-3368,1,-9.00E-07
2dm-3369,1,0.0006337
2dm-3370,1,6.60E-06
2dm-3371,1,1.9996942
2dm-3372,1,-4.00E-07
2dm-3373,1,-3.20E-06
2dm-3374,0,0
2dm-3375,0,0
2dm-3376,0,0
2dm-3377,1,9.00E-06
2dm-3378,1,0.9992957
2dm-3379,1,0.0005953
2dm-3380,1,-1.70E-06
2dm-3381,1,3.0047619
2dm-3382,1,0.2101986
2dm-3383,0,0
2dm-3384,1,-0.0006061
2dm-3385,1,5.30E-06
2dm-3386,1,4.00E-07
2dm-3387,0,0
2dm-3388,0,0
2dm-3389,1,2.3409674
2dm-3390,1,-6.73E-05
2dm-3391,0,0
2dm-3392,1,0.5485571
2dm-3393,0,0
2dm-3394,1,2.0028493
2dm-3395,1,0.2546359
2dm-3396,1,2.0063725
2dm-3397,1,1.739842
2dm-3399,1,0.0169129
2dm-3400,0,0
2dm-3401,1,9.00E-07
2dm-3402,1,2.999162
2dm-3403,0,0
2dm-3404,0,0
2dm-3405,0,0
2dm-3406,0,0
2dm-3407,0,0
2dm-3408,0,0
2dm-3409,0,0
2dm-3410,1,0.0257949
2dm-3411,1,1.0000003
2dm-3412,0,0
2dm-3413,1,-2.06E-05
2dm-3414,1,7.80E-06
2dm-3415,0,0
2dm-3416,0,0
2dm-3417,1,1.00E-07
2dm-3418,1,6.0020836
2dm-3419,1,15.3814718
2dm-3420,1,3.40E-06
2dm-3421,0,0
2dm-3422,1,-4.80E-06
2dm-3423,0,0
2dm-3424,0,0
2dm-3425,1,10.0053543
2dm-3426,0,0
2dm-3427,1,9.4331857
2dm-3428,1,6.0016142
2dm-3429,1,1.14E-05
2dm-3430,0,0
2dm-3431,1,-3.261054
2dm-3432,1,1.999319
2dm-3433,0,0
2dm-3434,1,0.9983231
2dm-3435,1,0.3878758
2dm-3436,1,3.6412727
2dm-3437,0,0
2dm-3438,1,-0.0003764
2dm-3439,0,0
2dm-3440,0,0
2dm-3441,1,-8.00E-07
2dm-3442,0,0
2dm-3443,0,0
2dm-3444,1,1.20E-06
2dm-3445,1,-0.0001363
2dm-3446,0,0
2dm-3447,0,0
2dm-3449,0,0
2dm-3450,1,-0.2178283
2dm-3451,0,0
2dm-3452,0,0
2dm-3453,0,0
2dm-3454,1,-0.0006174
2dm-3455,0,0
2dm-3456,1,-0.0003528
2dm-3457,0,0
2dm-3458,0,0
2dm-3459,0,0
2dm-3460,0,0
2dm-3461,0,0
2dm-3462,1,-0.0001834
2dm-3463,1,5.4685789
2dm-3464,0,0
2dm-3465,1,5.0144506
2dm-3466,1,1.0970498
2dm-3467,0,0
2dm-3468,0,0
2dm-3469,1,0.0001732
2dm-3470,0,0
2dm-3471,1,-6.00E-07
2dm-3472,0,0
2dm-3473,0,0
2dm-3474,0,0
2dm-3475,0,0
2dm-3476,0,0
2dm-3477,0,0
2dm-3478,0,0
2dm-3479,0,0
2dm-3480,1,0.7669363
2dm-3481,1,4.0015051
2dm-3482,0,0
2dm-3483,1,0.989861
2dm-3484,0,0
2dm-3485,0,0
2dm-3486,0,0
2dm-3487,1,1.5042518
2dm-3490,0,0
2dm-3491,0,0
2dm-3492,0,0
2dm-3493,1,1.7218572
2dm-3494,0,0
2dm-3495,0,0
2dm-3496,0,0
2dm-3497,0,0
2dm-3498,1,1.02E-05
2dm-3499,0,0
2dm-3500,0,0
2dm-3501,1,3.90E-06
2dm-3503,1,2.9949152
2dm-3504,1,6.0064055
2dm-3505,1,5.9990738
2dm-3506,0,0
2dm-3507,0,0
2dm-3508,1,4.70E-06
2dm-3509,0,0
2dm-3510,0,0
2dm-3511,0,0
2dm-3512,1,-0.0001299
2dm-3513,1,0.10007
2dm-3514,1,1.9991646
2dm-3515,1,2.0043158
2dm-3516,1,0.0575755
2dm-3517,0,0
2dm-3518,0,0
2dm-3519,0,0
2dm-3520,1,4.7033759
2dm-3521,0,0
2dm-3522,1,2.0050303
2dm-3523,0,0
2dm-3524,0,0
2dm-3525,0,0
2dm-3526,1,-4.12E-05
2dm-3527,1,2.9994669
2dm-3528,0,0
2dm-3529,0,0
2dm-3530,0,0
2dm-3531,0,0
2dm-3532,1,6.52E-05
2dm-3533,0,0
2dm-3534,1,4.079077
2dm-3535,0,0
2dm-3536,1,7.538915
2dm-3537,1,10.0263909
2dm-3538,0,0
2dm-3539,1,2.8568293
2dm-3540,0,0
2dm-3541,0,0
2dm-3542,0,0
2dm-3543,0,0
2dm-3544,1,1.5542237
2dm-3545,1,4.0059674
2dm-3546,0,0
2dm-3547,1,3.9808916
2dm-3548,0,0
2dm-3549,1,4.0017473
2dm-3550,0,0
2dm-3552,1,-1.40E-06
2dm-3553,0,0
2dm-3554,0,0
2dm-3555,1,3.80E-06
2dm-3556,0,0
2dm-3557,0,0
2dm-3558,1,4.0253079
2dm-3559,0,0
2dm-3560,1,6.3791687
2dm-3561,0,0
2dm-3562,0,0
2dm-3563,1,7.00E-07
2dm-3564,1,1.5248575
2dm-3565,0,0
2dm-3566,0,0
2dm-3567,1,3.0009136
2dm-3568,1,0.5371835
2dm-3569,1,1.50E-06
2dm-3570,0,0
2dm-3571,0,0
2dm-3572,1,0.1283202
2dm-3573,1,4.0089844
2dm-3574,1,3.9993176
2dm-3575,0,0
2dm-3576,0,0
2dm-3577,0,0
2dm-3578,0,0
2dm-3579,0,0
2dm-3580,1,3.9991101
2dm-3582,0,0
2dm-3583,0,0
2dm-3584,0,0
2dm-3585,0,0
2dm-3586,0,0
2dm-3587,1,-9.60E-06
2dm-3588,0,0
2dm-3589,1,2.0015922
2dm-3590,0,0
2dm-3591,0,0
2dm-3592,0,0
2dm-3593,1,0.0002227
2dm-3594,0,0
2dm-3595,0,0
2dm-3596,0,0
2dm-3597,0,0
2dm-3598,0,0
2dm-3599,1,-6.80E-06
2dm-3600,1,1.5600596
2dm-3601,0,0
2dm-3602,0,0
2dm-3603,0,0
2dm-3604,1,0.5127765
2dm-3605,0,0
2dm-3606,1,4.9992096
2dm-3607,1,1.9892818
2dm-3608,0,0
2dm-3609,0,0
2dm-3610,1,1.7953136
2dm-3611,1,1.9980362
2dm-3612,0,0
2dm-3613,0,0
2dm-3614,1,10.0085753
2dm-3615,0,0
2dm-3616,0,0
2dm-3617,1,6.0027401
2dm-3618,0,0
2dm-3619,0,0
2dm-3620,0,0
2dm-3621,1,11.9610407
2dm-3622,1,3.0021073
2dm-3623,1,4.0023242
2dm-3624,0,0
2dm-3625,0,0
2dm-3626,1,7.00E-06
2dm-3627,1,0.000184
2dm-3628,0,0
2dm-3629,0,0
2dm-3630,1,-8.60E-06
2dm-3631,0,0
2dm-3632,0,0
2dm-3633,1,1.12E-05
2dm-3634,0,0
2dm-3635,0,0
2dm-3636,1,-0.7673796
2dm-3637,0,0
2dm-3638,0,0
2dm-3639,0,0
2dm-3640,1,-0.0010468
2dm-3641,0,0
2dm-3642,0,0
2dm-3643,1,10.0116919
2dm-3644,0,0
2dm-3645,0,0
2dm-3646,0,0
2dm-3647,1,2.10E-05
2dm-3648,0,0
2dm-3649,0,0
2dm-3650,0,0
2dm-3651,0,0
2dm-3652,1,-9.76E-05
2dm-3653,0,0
2dm-3654,0,0
2dm-3655,0,0
2dm-3656,1,-7.10E-06
2dm-3657,1,14.0096612
2dm-3658,1,-2.81E-05
2dm-3660,0,0
2dm-3661,0,0
2dm-3662,0,0
2dm-3663,0,0
2dm-3664,1,5.37E-05
2dm-3665,1,-0.0043993
2dm-3666,1,10.0043672
2dm-3667,0,0
2dm-3668,0,0
2dm-3669,0,0
2dm-3670,0,0
2dm-3671,0,0
2dm-3672,0,0
2dm-3673,0,0
2dm-3674,1,-1.26E-05
2dm-3675,1,4.0043036
2dm-3676,0,0
2dm-3677,0,0
2dm-3678,0,0
2dm-3679,0,0
2dm-3680,0,0
2dm-3681,0,0
2dm-3682,1,-0.1457345
2dm-3683,1,-5.10E-06
2dm-3684,1,-4.00E-07
2dm-3685,0,0
2dm-3686,0,0
2dm-3687,0,0
2dm-3688,1,0.5841709
2dm-3689,0,0
2dm-3690,0,0
2dm-3691,0,0
2dm-3692,1,1.9992404
2dm-3693,0,0
2dm-3694,0,0
2dm-3695,0,0
2dm-3696,0,0
2dm-3697,0,0
2dm-3698,1,-4.52E-05
2dm-3699,0,0
2dm-3700,0,0
2dm-3701,0,0
2dm-3702,0,0
2dm-3703,0,0
2dm-3704,0,0
2dm-3705,1,4.75E-05
2dm-3706,0,0
2dm-3707,1,-1.50E-06
2dm-3708,1,1.9952509
2dm-3709,0,0
2dm-3710,0,0
2dm-3711,0,0
2dm-3712,1,4.0269853
2dm-3713,1,0.177809
2dm-3714,1,-0.1226602
2dm-3715,0,0
2dm-3716,1,1.8182374
2dm-3717,0,0
2dm-3718,0,0
2dm-3719,0,0
2dm-3720,0,0
2dm-3721,0,0
2dm-3722,0,0
2dm-3723,1,3.1315563
2dm-3724,0,0
2dm-3725,0,0
2dm-3726,0,0
2dm-3727,1,4.8925782
2dm-3728,1,4.9992064
2dm-3729,1,0.0016267
2dm-3730,1,7.00E-07
2dm-3731,1,1.00E-07
2dm-3732,0,0
2dm-3733,1,2.0038442
2dm-3734,0,0
2dm-3735,1,-0.0003011
2dm-3736,1,3.40E-06
2dm-3737,0,0
2dm-3738,0,0
2dm-3739,1,-1.50E-06
2dm-3740,0,0
2dm-3741,1,1.9992228
2dm-3742,1,4.0031763
2dm-3743,1,-2.00E-07
2dm-3744,1,0.122242
2dm-3745,1,4.9993704
2dm-3746,0,0
2dm-3747,0,0
2dm-3748,1,1.25E-05
2dm-3749,0,0
2dm-3750,1,0.7371246
2dm-3751,1,3.0000237
2dm-3752,0,0
2dm-3753,0,0
2dm-3754,1,4.4326138
2dm-3755,1,2.9997595
2dm-3756,0,0
2dm-3757,1,5.10E-06
2dm-3758,1,3.80E-06
2dm-3759,0,0
2dm-3760,0,0
2dm-3761,1,7.0024735
2dm-3762,0,0
2dm-3763,0,0
2dm-3764,1,-0.0134254
2dm-3765,0,0
2dm-3766,0,0
2dm-3768,1,6.0039171
2dm-3769,1,2.0002768
2dm-3770,0,0
2dm-3771,0,0
2dm-3773,0,0
2dm-3774,1,0.9990346
2dm-3776,0,0
2dm-3777,1,11.0294124
2dm-3778,1,7.80E-06
2dm-3779,0,0
2dm-3780,0,0
2dm-3781,0,0
2dm-3782,1,1.0014076
2dm-3783,0,0
2dm-3784,0,0
2dm-3785,0,0
2dm-3786,0,0
2dm-3787,1,-0.0103128
2dm-3788,1,2.0006714
2dm-3789,0,0
2dm-3790,0,0
2dm-3791,0,0
2dm-3792,0,0
2dm-3793,0,0
2dm-3794,0,0
2dm-3795,0,0
2dm-3796,0,0
2dm-3797,0,0
2dm-3798,1,1.9964113
2dm-3800,0,0
2dm-3801,1,0.0007948
2dm-3802,0,0
2dm-3803,0,0
2dm-3804,1,1.50E-06
2dm-3805,1,2.0024255
2dm-3806,1,10.0076689
2dm-3807,0,0
2dm-3808,0,0
2dm-3809,0,0
2dm-3810,0,0
2dm-3811,0,0
2dm-3812,0,0
2dm-3813,0,0
2dm-3814,0,0
2dm-3815,1,0.8574564
2dm-3816,0,0
2dm-3817,1,2.0015229
2dm-3818,1,0.9998021
2dm-3820,0,0
2dm-3821,0,0
2dm-3822,0,0
2dm-3823,0,0
2dm-3824,0,0
2dm-3825,0,0
2dm-3827,0,0
2dm-3828,0,0
2dm-3829,1,-10.0147158
2dm-3830,1,1.17E-05
2dm-3831,0,0
2dm-3832,0,0
2dm-3833,0,0
2dm-3834,0,0
2dm-3835,0,0
2dm-3836,1,6.0032201
2dm-3837,0,0
2dm-3838,0,0
2dm-3839,0,0
2dm-3840,1,5.00E-07
2dm-3841,0,0
2dm-3842,0,0
2dm-3843,1,8.0026177
2dm-3844,0,0
2dm-3845,1,2.00E-07
2dm-3846,0,0
2dm-3847,0,0
2dm-3848,1,3.000341
2dm-3849,0,0
2dm-3850,0,0
2dm-3851,1,1.90E-06
2dm-3852,0,0
2dm-3853,1,5.9999515
2dm-3854,0,0
2dm-3855,0,0
2dm-3856,1,6.0006361
2dm-3857,1,1.0001328
2dm-3858,1,6.0056078
2dm-3859,0,0
2dm-3860,1,1.9790148
2dm-3861,1,-1.32E-05
2dm-3862,1,3.9996076
2dm-3863,1,-0.0003505
2dm-3864,1,0.0101356
2dm-3865,0,0
2dm-3866,0,0
2dm-3867,0,0
2dm-3868,0,0
2dm-3869,0,0
2dm-3870,1,7.2746982
2dm-3871,1,2.68E-05
2dm-3872,0,0
2dm-3873,1,1.0091414
2dm-3874,0,0
2dm-3875,0,0
2dm-3876,0,0
2dm-3877,0,0
2dm-3878,0,0
2dm-3879,0,0
2dm-3880,1,9.0204909
2dm-3881,0,0
2dm-3882,1,2.0050459
2dm-3883,0,0
2dm-3884,0,0
2dm-3885,0,0
2dm-3886,0,0
2dm-3887,1,10.0103273
2dm-3888,1,3.0008214
2dm-3889,1,1.09E-05
2dm-3890,0,0
2dm-3891,1,12.8471861
2dm-3892,1,8.007546
2dm-3893,0,0
2dm-3894,0,0
2dm-3895,1,1.9999396
2dm-3896,0,0
2dm-3897,0,0
2dm-3898,0,0
2dm-3899,1,3.40E-06
2dm-3900,1,10.0004027
2dm-3901,0,0
2dm-3902,1,10.0141708
2dm-3903,1,0.0005279
2dm-3904,0,0
2dm-3905,1,2.72E-05
2dm-3906,1,2.0080174
2dm-3907,0,0
2dm-3908,0,0
2dm-3909,1,1.987601
2dm-3910,0,0
2dm-3911,1,0.003353
2dm-3912,1,3.9997453
2dm-3913,0,0
2dm-3914,1,6.0020387
2dm-3915,0,0
2dm-3916,1,-2.50E-06
2dm-3917,0,0
2dm-3918,0,0
2dm-3919,1,6.0066622
2dm-3920,0,0
2dm-3921,1,-2.50E-06
2dm-3922,0,0
2dm-3923,0,0
2dm-3924,1,-3.00E-07
2dm-3925,0,0
2dm-3926,1,8.00E-06
2dm-3927,0,0
2dm-3928,0,0
2dm-3929,0,0
2dm-3930,1,4.008601
2dm-3931,0,0
2dm-3932,0,0
2dm-3933,0,0
2dm-3934,0,0
2dm-3935,1,2.0173109
2dm-3936,0,0
2dm-3937,0,0
2dm-3938,1,-0.0447997
2dm-3939,0,0
2dm-3940,1,2.0006168
2dm-3941,1,0.6910048
2dm-3942,1,4.9988401
2dm-3943,1,3.66E-05
2dm-3944,0,0
2dm-3945,0,0
2dm-3946,1,1.20E-06
2dm-3947,0,0
2dm-3948,1,9.0019482
2dm-3949,1,6.0085459
2dm-3950,1,-0.0005039
2dm-3954,1,9.9993083
2dm-3955,0,0
2dm-3956,0,0
2dm-3957,0,0
2dm-3958,1,3.9786574
2dm-3959,0,0
2dm-3960,0,0
2dm-3961,1,1.00E-06
2dm-3962,1,6.0173612
2dm-3963,0,0
2dm-3964,1,1.3995066
2dm-3965,0,0
2dm-3966,0,0
2dm-3967,1,-6.46E-05
2dm-3968,0,0
2dm-3969,0,0
2dm-3970,0,0
2dm-3971,0,0
2dm-3972,0,0
2dm-3973,0,0
2dm-3975,1,10.0099496
2dm-3976,0,0
2dm-3977,0,0
2dm-3978,0,0
2dm-3979,0,0
2dm-3980,0,0
2dm-3981,1,4.002391
2dm-3982,1,0.5963164
2dm-3983,0,0
2dm-3985,0,0
2dm-3986,0,0
2dm-3987,0,0
2dm-3988,1,5.000785
2dm-3989,1,-0.0300305
2dm-3990,1,7.20E-06
2dm-3991,0,0
2dm-3992,0,0
2dm-3993,0,0
2dm-3994,1,2.7315699
2dm-3995,1,9.9996501
2dm-3996,0,0
2dm-3997,1,2.9989766
2dm-3998,1,1.9263368
2dm-3999,0,0
2dm-4000,1,-1.80E-06
2dm-4001,1,7.4987354
2dm-4002,0,0
2dm-4003,1,4.0018531
2dm-4004,1,-0.2112097
2dm-4005,0,0
2dm-4006,0,0
2dm-4007,1,-0.0041292
2dm-4008,0,0
2dm-4009,0,0
2dm-4010,1,1.50E-06
2dm-4011,0,0
2dm-4012,0,0
2dm-4013,1,-2.00E-07
2dm-4014,1,13.9987162
2dm-4015,0,0
2dm-4016,1,3.985783
2dm-4017,1,2.2748275
2dm-4018,0,0
2dm-4019,0,0
2dm-4020,1,0.9359122
2dm-4021,0,0
2dm-4022,1,0.7776404
2dm-4023,1,-8.00E-07
2dm-4024,0,0
2dm-4025,1,5.9988075
2dm-4026,0,0
2dm-4027,0,0
2dm-4028,0,0
2dm-4029,1,6.00E-07
2dm-4030,1,2.0170445
2dm-4032,1,-1.54E-05
2dm-4033,1,6.2599813
2dm-4034,1,4.0710037
2dm-4035,0,0
2dm-4036,1,6.0366664
2dm-4037,0,0
2dm-4038,1,1.2024593
2dm-4039,1,0.9850646
2dm-4040,0,0
2dm-4041,1,0.2133352
2dm-4042,0,0
2dm-4043,0,0
2dm-4044,0,0
2dm-4045,0,0
2dm-4046,1,1.9943714
2dm-4047,0,0
2dm-4048,0,0
2dm-4049,1,8.0036111
2dm-4050,0,0
2dm-4051,0,0
2dm-4052,0,0
2dm-4053,0,0
2dm-4054,0,0
2dm-4055,0,0
2dm-4056,0,0
2dm-4057,1,8.9464137
2dm-4058,1,-4.10E-06
2dm-4059,0,0
2dm-4060,0,0
2dm-4061,0,0
2dm-4062,1,-1.00E-07
2dm-4063,0,0
2dm-4064,1,3.001524
2dm-4065,1,4.0149185
2dm-4066,1,2.0000154
2dm-4067,1,0.0007812
2dm-4068,1,9.00E-07
2dm-4069,1,-1.50E-06
2dm-4070,1,4.30E-06
2dm-4071,1,6.9997377
2dm-4072,0,0
2dm-4073,1,3.9985063
2dm-4075,1,5.9977611
2dm-4076,1,-2.30E-06
2dm-4077,1,5.1333567
2dm-4078,1,2.06E-05
2dm-4079,0,0
2dm-4080,0,0
2dm-4081,1,16.0006553
2dm-4082,0,0
2dm-4083,0,0
2dm-4084,1,1.9950282
2dm-4085,0,0
2dm-4086,0,0
2dm-4087,0,0
2dm-4088,1,5.6360681
2dm-4089,0,0
2dm-4090,1,5.9950415
2dm-4091,0,0
2dm-4092,1,7.0094539
2dm-4093,0,0
2dm-4094,1,4.10E-06
2dm-4095,0,0
2dm-4096,0,0
2dm-4097,0,0
2dm-4098,1,0.2389693
2dm-4099,1,5.99E-05
2dm-4100,0,0
2dm-4101,1,-9.30E-06
2dm-4102,0,0
2dm-4103,1,5.0006737
2dm-4104,0,0
2dm-4105,0,0
2dm-4106,1,0.3997617
2dm-4107,0,0
2dm-4108,1,6.0002357
2dm-4109,0,0
2dm-4110,1,-2.01E-05
2dm-4111,1,2.63E-05
2dm-4112,1,3.9893854
2dm-4113,0,0
2dm-4114,1,6.0508212
2dm-4115,0,0
2dm-4116,1,5.7543278
2dm-4117,0,0
2dm-4118,1,1.0035019
2dm-4119,0,0
2dm-4120,1,2.9998403
2dm-4121,0,0
2dm-4122,1,2.9050737
2dm-4123,1,6.0011081
2dm-4124,1,2.0000838
2dm-4125,0,0
2dm-4126,0,0
2dm-4127,1,-0.0010688
2dm-4128,1,4.0017979
2dm-4129,0,0
2dm-4130,0,0
2dm-4131,1,-9.00E-07
2dm-4132,0,0
2dm-4133,0,0
2dm-4134,1,1.002343
2dm-4135,1,-0.0001212
2dm-4136,0,0
2dm-4137,1,12.0002176
2dm-4138,1,24.0178431
2dm-4139,1,1.0004528
2dm-4140,0,0
2dm-4141,1,9.00E-07
2dm-4142,0,0
2dm-4143,1,7.00E-07
2dm-4144,1,3.9983429
2dm-4145,0,0
2dm-4146,1,6.0164356
2dm-4147,0,0
2dm-4148,1,2.50E-06
2dm-4150,0,0
2dm-4151,1,4.0144461
2dm-4152,0,0
2dm-4153,1,1.9989803
2dm-4154,1,-1.58E-05
2dm-4155,0,0
2dm-4156,1,4.9998518
2dm-4157,0,0
2dm-4158,0,0
2dm-4159,1,9.99801
2dm-4160,1,0.0278502
2dm-4161,0,0
2dm-4162,1,14.2011067
2dm-4163,1,0.0001168
2dm-4164,1,1.7889724
2dm-4165,1,8.0082278
2dm-4166,0,0
2dm-4167,0,0
2dm-4168,0,0
2dm-4169,0,0
2dm-4170,0,0
2dm-4171,1,4.0000681
2dm-4172,0,0
2dm-4173,1,8.0068642
2dm-4174,1,5.0694114
2dm-4175,1,9.9978953
2dm-4176,1,2.5834577
2dm-4177,1,1.7896609
2dm-4178,0,0
2dm-4179,0,0
2dm-4180,1,8.0103368
2dm-4181,1,32.0018389
2dm-4182,0,0
2dm-4183,0,0
2dm-4184,1,0.3590332
2dm-4185,1,17.9996186
2dm-4186,1,4.0002699
2dm-4187,0,0
2dm-4188,0,0
2dm-4189,0,0
2dm-4190,1,4.0623629
2dm-4191,0,0
2dm-4192,0,0
2dm-4193,0,0
2dm-4194,0,0
2dm-4195,0,0
2dm-4196,1,2.0027466
2dm-4197,0,0
2dm-4198,1,7.9990227
2dm-4199,1,2.90E-06
2dm-4200,0,0
2dm-4201,1,2.20E-06
2dm-4202,0,0
2dm-4203,0,0
2dm-4204,0,0
2dm-4205,1,5.9997836
2dm-4206,0,0
2dm-4207,0,0
2dm-4208,0,0
2dm-4209,0,0
2dm-4210,1,1.9988609
2dm-4211,1,-4.70E-06
2dm-4212,1,8.53E-05
2dm-4213,1,2.0279821
2dm-4214,0,0
2dm-4215,0,0
2dm-4216,0,0
2dm-4217,1,1.0006808
2dm-4218,0,0
2dm-4219,0,0
2dm-4220,1,6.0017393
2dm-4221,0,0
2dm-4222,1,2.0139616
2dm-4223,1,7.0009127
2dm-4224,1,0.4623539
2dm-4225,0,0
2dm-4226,0,0
2dm-4227,1,3.3694385
2dm-4228,1,3.9966706
2dm-4229,0,0
2dm-4230,0,0
2dm-4231,0,0
2dm-4232,0,0
2dm-4233,1,15.0104566
2dm-4234,0,0
2dm-4235,0,0
2dm-4236,1,10.0012143
2dm-4237,1,2.1259907
2dm-4238,0,0
2dm-4239,1,0.4713446
2dm-4240,1,2.70E-06
2dm-4241,1,0.6777481
2dm-4242,0,0
2dm-4243,1,3.9992859
2dm-4244,0,0
2dm-4245,1,4.0216219
2dm-4246,0,0
2dm-4248,1,7.60E-06
2dm-4249,0,0
2dm-4250,0,0
2dm-4251,0,0
2dm-4253,0,0
2dm-4254,0,0
2dm-4255,0,0
2dm-4256,1,1.60E-06
2dm-4257,0,0
2dm-4258,1,10.0046059
2dm-4259,1,6.0008171
2dm-4260,1,3.0000455
2dm-4261,0,0
2dm-4262,1,0.0002242
2dm-4263,1,-5.20E-06
2dm-4264,1,-1.27E-05
2dm-4265,1,6.60E-06
2dm-4266,1,8.0002827
2dm-4267,0,0
2dm-4268,0,0
2dm-4269,0,0
2dm-4270,1,0.0465351
2dm-4271,1,2.0139157
2dm-4272,1,3.0004383
2dm-4273,0,0
2dm-4274,1,6.0011711
2dm-4275,0,0
2dm-4276,1,9.9994212
2dm-4277,1,-2.03E-05
2dm-4278,1,9.00E-06
2dm-4279,1,-1.90E-06
2dm-4280,1,-1.30E-05
2dm-4281,0,0
2dm-4282,1,20.0091806
2dm-4283,0,0
2dm-4284,1,1.63E-05
2dm-4285,1,-1.9999999
2dm-4286,0,0
2dm-4288,0,0
2dm-4289,1,6.0030249
2dm-4290,0,0
2dm-4291,1,2.0017232
2dm-4292,0,0
2dm-4293,1,-8.00E-07
2dm-4294,1,3.20E-06
2dm-4295,0,0
2dm-4296,1,7.80E-06
2dm-4297,1,2.00E-07
2dm-4298,1,-2.90E-06
2dm-4299,0,0
2dm-4300,1,2.0219394
2dm-4301,0,0
2dm-4302,0,0
2dm-4304,0,0
2dm-4305,0,0
2dm-4306,0,0
2dm-4307,0,0
2dm-4308,1,-5.10E-06
2dm-4309,1,4.2725409
2dm-4310,1,1.9997482
2dm-4311,0,0
2dm-4312,0,0
2dm-4313,0,0
2dm-4314,1,1.0096498
2dm-4315,0,0
2dm-4316,0,0
2dm-4317,1,-0.0001973
2dm-4318,1,1.50E-06
2dm-4319,0,0
2dm-4320,1,1.0009075
2dm-4321,0,0
2dm-4322,1,-4.90E-06
2dm-4323,1,-6.50E-06
2dm-4324,1,0.4097374
2dm-4325,1,10.0037296
2dm-4327,0,0
2dm-4328,1,0.0011831
2dm-4329,0,0
2dm-4330,1,-0.0001174
2dm-4331,0,0
2dm-4332,0,0
2dm-4333,0,0
2dm-4334,1,-8.00E-07
2dm-4335,1,-5.44E-05
2dm-4336,0,0
2dm-4337,0,0
2dm-4338,1,18.020172
2dm-4339,1,2.5545896
2dm-4340,0,0
2dm-4341,1,1.9974806
2dm-4342,1,8.0041276
2dm-4343,1,3.9992736
2dm-4344,1,0.5019706
2dm-4345,1,1.9989814
2dm-4346,1,9.1013781
2dm-4347,1,2.0088723
2dm-4348,1,-7.00E-07
2dm-4349,1,1.9991352
2dm-4350,1,11.8318665
2dm-4351,1,-6.50E-06
2dm-4352,1,9.005016
2dm-4353,1,10.0058033
2dm-4354,1,0.0001669
2dm-4355,0,0
2dm-4356,0,0
2dm-4357,0,0
2dm-4358,0,0
2dm-4359,0,0
2dm-4360,1,34.0736069
2dm-4361,1,0.5209363
2dm-4362,1,-1.78E-05
2dm-4363,0,0
2dm-4364,1,1.80E-06
2dm-4365,0,0
2dm-4366,1,-2.65E-05
2dm-4367,1,10.9989131
2dm-4368,1,2.9979822
2dm-4369,1,1.9995179
2dm-4370,1,6.0046608
2dm-4371,0,0
2dm-4372,1,1.1055619
2dm-4373,1,9.9995986
2dm-4374,1,-4.00E-07
2dm-4375,0,0
2dm-4376,0,0
2dm-4377,1,0.1158481
2dm-4378,0,0
2dm-4379,0,0
2dm-4380,0,0
2dm-4381,0,0
2dm-4382,1,1.44E-05
2dm-4383,1,-2.50E-06
2dm-4384,1,2.9995043
2dm-4385,1,10.001951
2dm-4386,1,1.30E-06
2dm-4387,1,0.9994635
2dm-4388,0,0
2dm-4389,1,2.0230583
2dm-4390,0,0
2dm-4391,1,-0.0014954
2dm-4392,1,7.10E-06
2dm-4394,0,0
2dm-4395,0,0
2dm-4396,1,9.055999
2dm-4397,1,6.0028218
2dm-4398,0,0
2dm-4399,1,-0.0009681
2dm-4400,0,0
2dm-4401,0,0
2dm-4402,0,0
2dm-4403,0,0
2dm-4404,1,5.6391278
2dm-4405,1,2.80E-06
2dm-4406,0,0
2dm-4407,0,0
2dm-4408,0,0
2dm-4409,0,0
2dm-4410,1,4.0034849
2dm-4411,1,10.0015485
2dm-4412,0,0
2dm-4413,1,-0.000437
2dm-4414,1,13.9966192
2dm-4415,0,0
2dm-4416,0,0
2dm-4417,1,3.0002241
2dm-4418,0,0
2dm-4419,1,8.0002638
2dm-4420,1,3.0009955
2dm-4421,1,7.0020506
2dm-4422,1,1.9860557
2dm-4423,1,-1.40E-06
2dm-4424,0,0
2dm-4425,1,-2.00E-07
2dm-4426,1,1.1879946
2dm-4427,1,3.0003097
2dm-4428,1,4.006911
2dm-4430,1,0.0021523
2dm-4431,1,-2.33E-05
2dm-4432,1,10.007523
2dm-4433,1,1.9641896
2dm-4434,1,1.45E-05
2dm-4435,0,0
2dm-4436,0,0
2dm-4437,0,0
2dm-4438,0,0
2dm-4439,1,12.0065688
2dm-4440,1,3.994881
2dm-4441,1,7.139066
2dm-4443,1,12.2717066
2dm-4444,0,0
2dm-4445,0,0
2dm-4446,1,-1.05E-05
2dm-4447,1,4.0015687
2dm-4448,1,0.645332
2dm-4449,1,2.0041808
2dm-4450,1,1.5864231
2dm-4451,0,0
2dm-4452,0,0
2dm-4453,0,0
2dm-4454,0,0
2dm-4455,0,0
2dm-4456,0,0
2dm-4457,0,0
2dm-4458,0,0
2dm-4459,0,0
2dm-4460,1,2.134091
2dm-4461,0,0
2dm-4462,0,0
2dm-4463,1,2.0002167
2dm-4464,1,7.9994104
2dm-4465,1,4.20E-06
2dm-4466,1,4.77E-05
2dm-4467,1,0.2522933
2dm-4468,0,0
2dm-4469,1,-1.67E-05
2dm-4470,1,10.0206343
2dm-4471,1,2.0015029
2dm-4472,1,1.9998787
2dm-4473,1,10.0174647
2dm-4474,0,0
2dm-4475,0,0
2dm-4476,0,0
2dm-4477,1,0.9778411
2dm-4478,0,0
2dm-4479,1,3.0011154
2dm-4480,1,-4.60E-06
2dm-4481,1,14.002038
2dm-4482,1,11.9982566
2dm-4483,0,0
2dm-4484,0,0
2dm-4485,0,0
2dm-4486,0,0
2dm-4487,1,2.0004602
2dm-4488,1,0.0016973
2dm-4489,1,1.40E-06
2dm-4490,1,5.007084
2dm-4491,0,0
2dm-4492,0,0
2dm-4493,0,0
2dm-4495,1,2.0018513
2dm-4496,1,1.3055608
2dm-4497,1,15.9999143
2dm-4498,0,0
2dm-4499,1,9.00E-07
2dm-4500,1,0.9991606
2dm-4501,0,0
2dm-4502,1,4.0049906
2dm-4503,0,0
2dm-4504,1,-4.20E-06
2dm-4505,1,3.0002711
2dm-4506,1,0.421562
2dm-4507,0,0
2dm-4508,0,0
2dm-4509,1,5.9891688
2dm-4510,1,1.8484434
2dm-4511,1,-6.00E-07
2dm-4512,0,0
2dm-4513,0,0
2dm-4514,0,0
2dm-4515,1,4.0000689
2dm-4516,1,7.7638539
2dm-4517,0,0
2dm-4518,1,1.10E-06
2dm-4519,1,4.0013332
2dm-4520,0,0
2dm-4521,1,-0.0014337
2dm-4522,0,0
2dm-4523,0,0
2dm-4524,0,0
2dm-4525,0,0
2dm-4526,1,0.0017248
2dm-4527,1,-0.0056765
2dm-4529,1,15.9994755
2dm-4530,1,14.0042772
2dm-4531,0,0
2dm-4532,1,3.9557193
2dm-4533,1,6.0082268
2dm-4534,1,8.007757
2dm-4535,1,3.999226
2dm-4536,0,0
2dm-4537,1,0.9980859
2dm-4538,0,0
2dm-4539,0,0
2dm-4540,1,8.0162954
2dm-4541,0,0
2dm-4542,0,0
2dm-4543,0,0
2dm-4544,0,0
2dm-4545,1,9.9991541
2dm-4546,0,0
2dm-4547,1,-0.0002148
2dm-4548,0,0
2dm-4549,0,0
2dm-4550,0,0
2dm-4551,1,4.0039841
2dm-4552,0,0
2dm-4553,1,1.9993523
2dm-4554,0,0
2dm-4555,1,2.0021518
2dm-4556,1,2.0002231
2dm-4557,0,0
2dm-4558,0,0
2dm-4559,1,4.0083399
2dm-4560,0,0
2dm-4561,1,-3.40E-06
2dm-4562,1,8.9968357
2dm-4563,1,-0.0009148
2dm-4564,0,0
2dm-4565,1,13.999808
2dm-4566,1,7.60E-06
2dm-4567,1,1.0836812
2dm-4568,0,0
2dm-4569,1,-7.90E-06
2dm-4570,1,0.8693729
2dm-4571,0,0
2dm-4572,1,15.9999381
2dm-4573,1,3.9997251
2dm-4575,1,0.8023459
2dm-4576,0,0
2dm-4577,1,4.9997367
2dm-4579,1,4.002799
2dm-4580,1,15.9975909
2dm-4581,0,0
2dm-4582,0,0
2dm-4583,0,0
2dm-4584,1,-0.0002393
2dm-4585,1,3.0028617
2dm-4586,1,5.9997568
2dm-4587,0,0
2dm-4588,0,0
2dm-4590,1,-0.1258148
2dm-4591,0,0
2dm-4592,1,1.72E-05
2dm-4593,1,-2.43E-05
2dm-4594,1,-1.10E-06
2dm-4595,1,0.0201893
2dm-4596,1,10.0069221
2dm-4597,0,0
2dm-4598,1,1.9979915
2dm-4599,0,0
2dm-4600,1,6.20E-06
2dm-4601,1,0.1200234
2dm-4602,1,0.1857742
2dm-4603,1,-0.0001575
2dm-4604,1,3.9987675
2dm-4605,0,0
2dm-4606,0,0
2dm-4607,1,10.0024995
2dm-4608,0,0
2dm-4609,0,0
2dm-4610,1,1.33E-05
2dm-4611,1,8.000097
2dm-4612,0,0
2dm-4613,0,0
2dm-4614,0,0
2dm-4615,0,0
2dm-4616,1,10.016129
2dm-4617,0,0
2dm-4618,1,9.0641094
2dm-4619,1,2.0169115
2dm-4620,0,0
2dm-4621,0,0
2dm-4622,1,-0.000105
2dm-4623,1,0.0003055
2dm-4624,1,2.0001843
2dm-4625,1,7.9984025
2dm-4626,1,-0.0002018
2dm-4627,0,0
2dm-4628,0,0
2dm-4629,0,0
2dm-4630,1,1.9995762
2dm-4631,1,-1.30E-06
2dm-4632,1,7.9999737
2dm-4633,1,2.9997397
2dm-4634,0,0
2dm-4635,1,4.0012104
2dm-4637,1,2.0008018
2dm-4638,1,6.0017432
2dm-4639,1,15.0041617
2dm-4640,1,1.73E-05
2dm-4641,0,0
2dm-4642,1,23.9991421
2dm-4643,1,1.0407463
2dm-4644,1,2.0066413
2dm-4645,0,0
2dm-4646,0,0
2dm-4648,1,0.4888877
2dm-4649,1,8.0121134
2dm-4650,0,0
2dm-4651,1,8.0021255
2dm-4652,0,0
2dm-4653,0,0
2dm-4654,1,-1.93E-05
2dm-4655,1,1.9995167
2dm-4656,0,0
2dm-4657,1,-9.20E-05
2dm-4658,0,0
2dm-4659,1,-0.0176635
2dm-4660,1,-5.00E-07
2dm-4661,1,2.0012144
2dm-4662,0,0
2dm-4663,0,0
2dm-4664,0,0
2dm-4665,1,0.1681256
2dm-4666,0,0
2dm-4667,1,8.0026193
2dm-4668,0,0
2dm-4670,1,1.0391266
2dm-4671,0,0
2dm-4672,0,0
2dm-4673,1,8.0202404
2dm-4674,0,0
2dm-4675,0,0
2dm-4676,1,0.0002316
2dm-4677,0,0
2dm-4678,1,7.9999992
2dm-4679,1,9.9974458
2dm-4680,1,3.0761468
2dm-4681,1,6.00E-07
2dm-4683,1,1.17E-05
2dm-4684,0,0
2dm-4685,1,11.9997919
2dm-4686,1,-7.96E-05
2dm-4687,1,4.0051641
2dm-4689,1,2.0061285
2dm-4690,1,10.0042939
2dm-4691,0,0
2dm-4692,1,1.90E-06
2dm-4693,1,6.9657287
2dm-4694,1,6.6828648
2dm-4695,1,1.5700064
2dm-4696,0,0
2dm-4697,0,0
2dm-4698,1,3.60E-06
2dm-4699,0,0
2dm-4700,1,1.1786794
2dm-4701,0,0
2dm-4702,1,0.9976253
2dm-4703,0,0
2dm-4704,0,0
2dm-4705,1,11.9999083
2dm-4706,0,0
2dm-4707,0,0
2dm-4708,1,2.0013477
2dm-4709,1,0.1537291
2dm-4710,0,0
2dm-4711,1,3.9986988
2dm-4712,0,0
2dm-4713,0,0
2dm-4714,1,-1.01E-05
2dm-4715,0,0
2dm-4716,0,0
2dm-4717,0,0
2dm-4718,1,10.5619394
2dm-4719,0,0
2dm-4720,1,-0.7165852
2dm-4721,1,-2.89E-05
2dm-4722,0,0
2dm-4723,0,0
2dm-4724,0,0
2dm-4725,0,0
2dm-4726,1,-0.0003891
2dm-4727,0,0
2dm-4728,1,9.9999048
2dm-4729,1,1.0015891
2dm-4730,0,0
2dm-4731,1,4.0094094
2dm-4732,0,0
2dm-4733,0,0
2dm-4734,0,0
2dm-4735,1,6.30E-06
2dm-4736,1,5.9990733
2dm-4737,1,15.3660932
2dm-4738,1,5.0050707
2dm-4739,0,0
2dm-4740,1,-0.0001248
2dm-4741,0,0
2dm-4742,0,0
2dm-4743,0,0
2dm-4744,0,0
2dm-4745,0,0
2dm-4746,1,0.0399189
2dm-4747,1,-0.0108961
2dm-4748,1,0.0002829
2dm-4749,0,0
2dm-4750,0,0
2dm-4751,0,0
2dm-4752,1,0.7304109
2dm-4753,0,0
2dm-4754,1,1.0041903
2dm-4755,0,0
2dm-4756,1,-5.34E-05
2dm-4757,1,5.9978111
2dm-4758,0,0
2dm-4759,1,9.9998243
2dm-4760,1,5.9993469
2dm-4761,0,0
2dm-4762,1,8.0582403
2dm-4763,0,0
2dm-4764,0,0
2dm-4765,1,2.0013534
2dm-4766,1,4.00971
2dm-4767,1,-4.00E-07
2dm-4768,1,3.46E-05
2dm-4769,0,0
2dm-4770,1,-1.28E-05
2dm-4771,1,14.036359
2dm-4772,0,0
2dm-4773,0,0
2dm-4774,0,0
2dm-4775,1,-0.0002768
2dm-4776,0,0
2dm-4777,1,28.0011532
2dm-4778,1,1.9988207
2dm-4779,1,1.90E-06
2dm-4780,0,0
2dm-4781,0,0
2dm-4782,0,0
2dm-4783,0,0
2dm-4784,0,0
2dm-4785,0,0
2dm-4786,1,2.10E-06
2dm-4787,0,0
2dm-4788,0,0
2dm-4789,0,0
2dm-4790,1,14.0009247
2dm-4791,0,0
2dm-4792,1,0.0049596
2dm-4793,1,3.9995528
2dm-4794,1,2.0181896
2dm-4795,0,0
2dm-4796,0,0
2dm-4797,0,0
2dm-4798,1,0.7571643
2dm-4799,1,8.0002553
2dm-4800,0,0
2dm-4801,0,0
2dm-4802,0,0
2dm-4803,0,0
2dm-4804,1,1.9993286
2dm-4805,0,0
2dm-4806,1,1.0101724
2dm-4807,1,9.9972837
2dm-4808,0,0
2dm-4809,0,0
2dm-4810,1,6.0007696
2dm-4811,0,0
2dm-4812,0,0
2dm-4813,1,1.68E-05
2dm-4814,1,4.99E-05
2dm-4815,1,-2.05E-05
2dm-4816,0,0
2dm-4817,1,1.00E-06
2dm-4818,1,4.9998408
2dm-4819,0,0
2dm-4820,1,0.021789
2dm-4821,0,0
2dm-4822,0,0
2dm-4823,0,0
2dm-4824,0,0
2dm-4825,0,0
2dm-4826,1,4.9938141
2dm-4827,1,1.9989362
2dm-4828,0,0
2dm-4829,0,0
2dm-4830,1,1.0260199
2dm-4831,1,5.9979393
2dm-4832,1,4.9985836
2dm-4833,1,2.0018458
2dm-4834,1,2.0030667
2dm-4835,1,7.9995455
2dm-4836,0,0
2dm-4837,1,13.9747549
2dm-4838,1,1.70E-06
2dm-4839,1,2.9966391
2dm-4840,1,9.6413143
2dm-4841,1,14.0097761
2dm-4842,0,0
2dm-4843,0,0
2dm-4844,1,3.9989164
2dm-4845,0,0
2dm-4846,0,0
2dm-4847,0,0
2dm-4848,0,0
2dm-4849,0,0
2dm-4850,1,-0.0003266
2dm-4851,0,0
2dm-4852,0,0
2dm-4853,1,1.999683
2dm-4854,1,2.80E-06
2dm-4855,1,1.4555148
2dm-4856,1,-5.80E-06
2dm-4857,1,7.2087762
2dm-4858,1,3.30E-06
2dm-4859,0,0
2dm-4860,0,0
2dm-4861,0,0
2dm-4862,1,0.0001373
2dm-4863,1,2.0011303
2dm-4864,1,2.998244
2dm-4865,1,3.33E-05
2dm-4866,0,0
2dm-4867,0,0
2dm-4868,1,18.0012268
2dm-4869,0,0
2dm-4870,1,0.0559474
2dm-4871,1,3.999187
2dm-4872,1,-1.23E-05
2dm-4873,1,1.9990226
2dm-4874,1,10.0266649
2dm-4875,1,9.9995576
2dm-4876,1,5.77E-05
2dm-4877,0,0
2dm-4878,1,0.9977445
2dm-4879,1,8.70E-06
2dm-4880,0,0
2dm-4881,0,0
2dm-4882,0,0
2dm-4883,1,-0.0010082
2dm-4884,1,11.0297422
2dm-4885,0,0
2dm-4886,0,0
2dm-4887,0,0
2dm-4888,0,0
2dm-4889,1,5.0022973
2dm-4890,0,0
2dm-4891,1,1.40E-06
2dm-4892,1,1.9994758
2dm-4893,1,-1.13E-05
2dm-4894,0,0
2dm-4895,1,1.9975015
2dm-4896,1,3.9898294
2dm-4897,1,-3.10E-06
2dm-4898,0,0
2dm-4900,1,0.6792659
2dm-4901,0,0
2dm-4902,1,1.9997848
2dm-4903,0,0
2dm-4904,1,-1.15E-05
2dm-4905,0,0
2dm-4906,0,0
2dm-4907,1,0.5961324
2dm-4908,0,0
2dm-4909,1,0.8863058
2dm-4910,1,1.811446
2dm-4911,0,0
2dm-4912,0,0
2dm-4913,0,0
2dm-4914,0,0
2dm-4915,1,7.9965486
2dm-4916,0,0
2dm-4917,0,0
2dm-4918,0,0
2dm-4919,1,3.0002903
2dm-4920,1,3.1894163
2dm-4921,1,-0.0004991
2dm-4922,1,10.8223969
2dm-4923,1,1.2364726
2dm-4924,0,0
2dm-4925,1,0.0001084
2dm-4926,1,1.70E-06
2dm-4927,0,0
2dm-4928,0,0
2dm-4929,0,0
2dm-4930,1,4.9984975
2dm-4931,0,0
2dm-4932,0,0
2dm-4933,0,0
2dm-4934,0,0
2dm-4935,0,0
2dm-4936,0,0
2dm-4937,1,1.4898554
2dm-4938,0,0
2dm-4939,1,2.0004427
2dm-4940,1,1.9982788
2dm-4941,1,10.0059557
2dm-4942,0,0
2dm-4944,1,19.8438295
2dm-4945,0,0
2dm-4946,0,0
2dm-4947,1,1.4810739
2dm-4948,1,2.7448371
2dm-4949,1,-0.0195438
2dm-4950,1,3.7258282
2dm-4951,0,0
2dm-4952,1,2.0006569
2dm-4953,1,10.0167694
2dm-4954,0,0
2dm-4955,0,0
2dm-4956,1,6.0006601
2dm-4957,1,1.40E-06
2dm-4958,0,0
2dm-4959,1,0.6523783
2dm-4960,0,0
2dm-4961,0,0
2dm-4962,1,6.0070915
2dm-4963,1,2.9997479
2dm-4964,0,0
2dm-4965,0,0
2dm-4966,1,6.0023135
2dm-4967,0,0
2dm-4968,0,0
2dm-4969,0,0
2dm-4970,1,-8.32E-05
2dm-4971,1,1.9453174
2dm-4972,0,0
2dm-4973,1,3.9990489
2dm-4974,0,0
2dm-4975,1,2.0021332
2dm-4976,0,0
2dm-4977,1,16.9973394
2dm-4978,0,0
2dm-4979,1,10.1301733
2dm-4980,0,0
2dm-4981,0,0
2dm-4982,0,0
2dm-4983,0,0
2dm-4984,1,9.9986316
2dm-4985,0,0
2dm-4986,1,10.0009796
2dm-4987,1,-0.0051786
2dm-4988,1,7.00E-07
2dm-4989,0,0
2dm-4991,0,0
2dm-4992,1,0.0003172
2dm-4993,1,12.9995918
2dm-4994,1,1.36E-05
2dm-4995,1,5.10E-06
2dm-4996,0,0
2dm-4998,0,0
2dm-4999,1,0.9155475
2dm-5000,1,0.0451028
2dm-5001,0,0
2dm-5002,0,0
2dm-5003,0,0
2dm-5004,0,0
2dm-5005,0,0
2dm-5006,0,0
2dm-5007,1,3.00E-06
2dm-5008,1,1.0007473
2dm-5009,1,0.8679787
2dm-5010,0,0
2dm-5011,1,5.9900566
2dm-5012,1,2.0001152
2dm-5013,1,0.3392847
2dm-5014,0,0
2dm-5015,0,0
2dm-5016,1,12.0016184
2dm-5017,1,0.7676966
2dm-5018,1,-0.0104107
2dm-5019,1,8.024138
2dm-5020,1,-0.0138375
2dm-5021,1,7.9992938
2dm-5022,1,3.75E-05
2dm-5023,1,2.40E-06
2dm-5024,1,1.3053981
2dm-5025,1,20.0049247
2dm-5026,1,27.971437
2dm-5027,0,0
2dm-5028,0,0
2dm-5029,0,0
2dm-5030,1,10.0024016
2dm-5031,1,4.0039507
2dm-5032,1,-3.90E-06
2dm-5033,0,0
2dm-5034,0,0
2dm-5035,1,8.0869373
2dm-5036,1,-2.22E-05
2dm-5038,1,2.9980623
2dm-5039,1,2.0017642
2dm-5040,1,3.40E-06
2dm-5041,0,0
2dm-5042,1,7.2507688
2dm-5043,0,0
2dm-5044,1,1.9990599
2dm-5045,1,1.9995389
2dm-5046,1,-2.7498732
2dm-5047,1,0.9478384
2dm-5048,1,6.9915296
2dm-5049,1,1.9990758
2dm-5050,0,0
2dm-5051,0,0
2dm-5052,0,0
2dm-5053,0,0
2dm-5054,1,5.9998434
2dm-5055,1,5.9992628
2dm-5056,1,0.6378647
2dm-5057,1,9.9995882
2dm-5058,0,0
2dm-5059,0,0
2dm-5060,0,0
2dm-5061,1,-3.05E-05
2dm-5062,1,1.9994925
2dm-5063,1,3.7372777
2dm-5064,0,0
2dm-5065,1,1.0084564
2dm-5066,0,0
2dm-5067,0,0
2dm-5068,1,2.0007136
2dm-5069,1,21.3546715
2dm-5070,0,0
2dm-5071,0,0
2dm-5072,0,0
2dm-5073,0,0
2dm-5074,1,8.93E-05
2dm-5075,1,3.0026087
2dm-5076,0,0
2dm-5077,0,0
2dm-5078,0,0
2dm-5079,0,0
2dm-5080,1,-1.04E-05
2dm-5081,0,0
2dm-5082,1,-1.20E-06
2dm-5083,0,0
2dm-5084,0,0
2dm-5085,1,4.42E-05
2dm-5086,1,2.0038152
2dm-5087,1,12.0230277
2dm-5088,0,0
2dm-5089,1,2.0146299
2dm-5090,1,6.0034973
2dm-5091,1,1.997684
2dm-5092,0,0
2dm-5093,0,0
2dm-5094,1,1.99862
2dm-5095,1,1.03E-05
2dm-5096,1,0.6057639
2dm-5097,0,0
2dm-5099,1,8.0008623
2dm-5100,0,0
2dm-5101,1,4.4905446
2dm-5102,0,0
2dm-5103,0,0
2dm-5104,1,10.0100642
2dm-5105,1,2.0019375
2dm-5106,0,0
2dm-5107,0,0
2dm-5108,0,0
2dm-5109,0,0
2dm-5110,1,8.008926
2dm-5111,0,0
2dm-5112,1,5.40E-06
2dm-5113,0,0
2dm-5114,0,0
2dm-5115,1,3.002728
2dm-5116,0,0
2dm-5117,1,2.8086775
2dm-5118,0,0
2dm-5119,1,3.998448
2dm-5120,1,3.00E-07
2dm-5121,0,0
2dm-5122,1,2.40E-06
2dm-5123,1,2.0027869
2dm-5124,1,10.0227249
2dm-5125,0,0
2dm-5126,0,0
2dm-5127,1,0.2570557
2dm-5128,1,-2.10E-06
2dm-5129,1,4.005012
2dm-5130,0,0
2dm-5131,0,0
2dm-5132,0,0
2dm-5133,1,2.0012445
2dm-5134,0,0
2dm-5135,1,4.30E-06
2dm-5136,0,0
2dm-5137,1,3.9365923
2dm-5138,1,0.0012021
2dm-5139,0,0
2dm-5140,1,-0.0039666
2dm-5141,0,0
2dm-5142,1,3.9962219
2dm-5143,1,3.999879
2dm-5144,1,2.0015248
2dm-5145,0,0
2dm-5146,0,0
2dm-5147,0,0
2dm-5148,1,9.998626
2dm-5149,1,14.9963504
2dm-5150,1,1.7712147
2dm-5151,0,0
2dm-5152,0,0
2dm-5153,1,3.9985764
2dm-5154,1,8.0305422
2dm-5155,0,0
2dm-5156,0,0
2dm-5157,1,5.000708
2dm-5158,1,10.0017637
2dm-5159,1,3.8317601
2dm-5160,0,0
2dm-5161,1,0.0074655
2dm-5162,1,4.0002038
2dm-5163,1,6.0022624
2dm-5164,1,10.0007976
2dm-5165,1,8.0010258
2dm-5166,1,4.4589914
2dm-5167,1,1.411815
2dm-5168,0,0
2dm-5169,0,0
2dm-5170,0,0
2dm-5171,0,0
2dm-5172,0,0
2dm-5173,1,2.40E-05
2dm-5174,0,0
2dm-5175,1,0.5994101
2dm-5176,0,0
2dm-5177,1,0.0001051
2dm-5178,1,0.9052626
2dm-5179,1,0.0250032
2dm-5180,1,-7.50E-06
2dm-5181,1,4.0092023
2dm-5182,0,0
2dm-5183,1,-2.66E-05
2dm-5184,0,0
2dm-5185,1,5.9996109
2dm-5186,1,10.0355601
2dm-5187,1,0.7370299
2dm-5188,0,0
2dm-5189,0,0
2dm-5190,1,9.00E-07
2dm-5191,0,0
2dm-5192,1,1.0029108
2dm-5193,1,13.868671
2dm-5194,1,2.9994303
2dm-5195,0,0
2dm-5196,1,15.0031045
2dm-5197,1,5.00E-07
2dm-5198,1,-8.40E-06
2dm-5199,1,1.84E-05
2dm-5200,0,0
2dm-5201,1,0.4809485
2dm-5202,0,0
2dm-5203,0,0
2dm-5204,0,0
2dm-5205,0,0
2dm-5206,1,1.0145514
2dm-5207,1,2.203228
2dm-5208,1,-0.9987214
2dm-5209,0,0
2dm-5210,0,0
2dm-5211,1,7.9997208
2dm-5212,1,7.9976316
2dm-5213,0,0
2dm-5214,1,3.0024049
2dm-5215,1,1.999748
2dm-5216,0,0
2dm-5217,0,0
2dm-5218,1,0.0068539
2dm-5219,1,-1.17E-05
2dm-5220,0,0
2dm-5221,0,0
2dm-5223,1,-3.00E-06
2dm-5224,1,5.9990961
2dm-5225,0,0
2dm-5226,0,0
2dm-5227,0,0
2dm-5228,0,0
2dm-5229,1,0.2127255
2dm-5230,0,0
2dm-5231,1,10.0139314
2dm-5232,0,0
2dm-5233,1,10.0406199
2dm-5234,0,0
2dm-5236,1,7.00E-06
2dm-5238,0,0
2dm-5239,0,0
2dm-5240,0,0
2dm-5241,1,10.020303
2dm-5242,1,0.0005738
2dm-5243,0,0
2dm-5244,1,1.999359
2dm-5245,0,0
2dm-5246,0,0
2dm-5247,0,0
2dm-5248,0,0
2dm-5249,0,0
2dm-5250,1,8.7736014
2dm-5251,0,0
2dm-5252,0,0
2dm-5253,1,8.0016153
2dm-5254,1,4.1335962
2dm-5255,0,0
2dm-5256,0,0
2dm-5257,1,3.9999629
2dm-5258,1,-2.70E-06
2dm-5259,0,0
2dm-5260,0,0
2dm-5261,1,1.9785536
2dm-5262,1,13.9994305
2dm-5263,0,0
2dm-5264,0,0
2dm-5265,0,0
2dm-5266,1,1.999757
2dm-5267,0,0
2dm-5268,0,0
2dm-5269,0,0
2dm-5270,1,2.005446
2dm-5271,1,10.012267
2dm-5272,1,8.1722132
2dm-5273,1,6.0027536
2dm-5274,0,0
2dm-5275,1,12.0000822
2dm-5276,1,-0.0016152
2dm-5277,0,0
2dm-5278,1,-0.0472819
2dm-5279,1,12.0006601
2dm-5280,1,-0.0110836
2dm-5281,1,6.0061072
2dm-5282,0,0
2dm-5283,0,0
2dm-5284,0,0
2dm-5285,0,0
2dm-5286,1,2.7242214
2dm-5287,1,3.9817755
2dm-5288,0,0
2dm-5289,1,10.0235291
2dm-5290,0,0
2dm-5291,0,0
2dm-5292,0,0
2dm-5293,0,0
2dm-5294,1,-5.70E-06
2dm-5295,0,0
2dm-5296,0,0
2dm-5297,1,10.0017507
2dm-5298,1,14.0022718
2dm-5299,1,5.24E-05
2dm-5300,1,-0.0002748
2dm-5301,1,2.0008536
2dm-5302,0,0
2dm-5303,1,4.0065518
2dm-5304,0,0
2dm-5305,1,9.40E-06
2dm-5306,1,3.9993216
2dm-5307,0,0
2dm-5308,0,0
2dm-5309,1,9.2759328
2dm-5310,0,0
2dm-5311,1,6.0000105
2dm-5312,0,0
2dm-5313,1,8.0062016
2dm-5314,0,0
2dm-5315,1,1.0159643
2dm-5316,0,0
2dm-5317,0,0
2dm-5318,1,9.7194556
2dm-5319,0,0
2dm-5320,1,2.0117418
2dm-5321,1,0.9146086
2dm-5322,1,1.87E-05
2dm-5323,0,0
2dm-5324,0,0
2dm-5325,1,1.2736036
2dm-5326,0,0
2dm-5327,1,-4.36E-05
2dm-5328,0,0
2dm-5329,0,0
2dm-5330,0,0
2dm-5331,1,-4.80E-06
2dm-5332,1,0.0003674
2dm-5333,1,6.0012845
2dm-5334,1,6.0068912
2dm-5335,0,0
2dm-5336,1,10.9994186
2dm-5337,1,7.9996932
2dm-5338,1,12.0001801
2dm-5339,1,-6.80E-06
2dm-5340,1,8.003447
2dm-5341,0,0
2dm-5342,0,0
2dm-5343,1,2.0447761
2dm-5344,0,0
2dm-5345,1,-2.00E-07
2dm-5346,0,0
2dm-5347,1,0.9999139
2dm-5348,0,0
2dm-5349,1,5.5356415
2dm-5350,1,-4.00E-07
2dm-5351,1,10.0070418
2dm-5352,1,5.0001821
2dm-5353,1,2.0107194
2dm-5354,1,14.0100832
2dm-5355,0,0
2dm-5356,1,-2.0035045
2dm-5357,1,4.50E-06
2dm-5358,1,6.006598
2dm-5359,0,0
2dm-5360,1,2.0100232
2dm-5361,0,0
2dm-5362,1,4.0056987
2dm-5363,0,0
2dm-5365,1,5.0088422
2dm-5366,0,0
2dm-5367,0,0
2dm-5368,1,0.9994021
2dm-5369,0,0
2dm-5370,0,0
2dm-5371,0,0
2dm-5372,0,0
2dm-5373,1,0.9991143
2dm-5374,0,0
2dm-5375,1,-4.87E-05
2dm-5376,1,28.0340593
2dm-5377,0,0
2dm-5378,1,2.9987731
2dm-5379,1,8.0003795
2dm-5380,0,0
2dm-5381,0,0
2dm-5382,0,0
2dm-5383,1,2.0007369
2dm-5384,0,0
2dm-5385,0,0
2dm-5386,0,0
2dm-5387,0,0
2dm-5388,0,0
2dm-5389,1,12.997698
2dm-5390,0,0
2dm-5391,0,0
2dm-5392,1,0.999211
2dm-5393,0,0
2dm-5394,0,0
2dm-5395,1,2.0197114
2dm-5396,1,0.2663112
2dm-5397,0,0
2dm-5398,0,0
2dm-5399,0,0
2dm-5400,0,0
2dm-5401,0,0
2dm-5402,0,0
2dm-5403,1,10.0267902
2dm-5404,1,7.1894018
2dm-5405,0,0
2dm-5406,0,0
2dm-5407,1,1.0125276
2dm-5408,1,12.0042828
2dm-5409,1,8.0227629
2dm-5410,0,0
2dm-5411,0,0
2dm-5412,1,2.9986192
2dm-5413,1,1.56E-05
2dm-5414,0,0
2dm-5415,1,-0.0142269
2dm-5416,0,0
2dm-5417,0,0
2dm-5419,0,0
2dm-5420,1,5.9979256
2dm-5421,1,2.0235443
2dm-5422,0,0
2dm-5423,0,0
2dm-5424,0,0
2dm-5425,1,2.0068308
2dm-5426,1,4.0026296
2dm-5427,0,0
2dm-5428,0,0
2dm-5429,0,0
2dm-5430,1,25.9991409
2dm-5431,1,6.6363742
2dm-5432,1,-6.70E-05
2dm-5433,1,8.0001879
2dm-5434,1,0.8919277
2dm-5435,0,0
2dm-5436,1,1.000019
2dm-5437,1,0.0002411
2dm-5438,1,2.9996749
2dm-5439,1,0.0693483
2dm-5440,0,0
2dm-5441,1,2.0157612
2dm-5442,1,0.8978968
2dm-5443,1,7.998521
2dm-5444,1,1.9990574
2dm-5445,1,30.338729
2dm-5446,0,0
2dm-5447,0,0
2dm-5448,0,0
2dm-5449,1,7.9986052
2dm-5450,0,0
2dm-5451,1,2.0002022
2dm-5452,0,0
2dm-5453,1,8.0000144
2dm-5454,0,0
2dm-5455,0,0
2dm-5456,0,0
2dm-5457,1,4.0018711
2dm-5458,0,0
2dm-5459,1,4.0001669
2dm-5460,0,0
2dm-5461,0,0
2dm-5462,1,5.1846098
2dm-5464,1,2.998053
2dm-5466,0,0
2dm-5467,1,0.0697896
2dm-5468,1,2.7613416
2dm-5469,1,-0.0005962
2dm-5470,0,0
2dm-5471,1,10.004986
2dm-5472,1,1.9985984
2dm-5473,1,3.0031453
2dm-5474,0,0
2dm-5475,1,2.1457425
2dm-5476,1,1.9943523
2dm-5477,1,16.0091066
2dm-5478,1,-6.00E-07
2dm-5479,1,3.0151312
2dm-5480,0,0
2dm-5481,1,-1.62E-05
2dm-5482,0,0
2dm-5483,1,2.93E-05
2dm-5484,1,2.408059
2dm-5485,1,-0.2347032
2dm-5486,1,-9.00E-07
2dm-5487,1,1.6432281
2dm-5488,1,6.0322931
2dm-5489,0,0
2dm-5490,0,0
2dm-5491,1,1.9992432
2dm-5492,1,3.9997128
2dm-5493,1,2.999236
2dm-5494,1,1.9970944
2dm-5495,1,0.2758892
2dm-5496,0,0
2dm-5497,1,0.9997022
2dm-5498,1,0.9993604
2dm-5499,0,0
2dm-5500,1,4.0000006
2dm-5501,0,0
2dm-5502,0,0
2dm-5503,1,1.51E-05
2dm-5504,1,4.0103532
2dm-5505,1,5.0018146
2dm-5506,0,0
2dm-5507,0,0
2dm-5508,1,0.0002841
2dm-5509,1,-1.20E-06
2dm-5510,1,0.3212183
2dm-5511,1,2.0058959
2dm-5512,1,-6.46E-05
2dm-5513,0,0
2dm-5514,0,0
2dm-5515,1,-2.00E-07
2dm-5516,1,-1.18E-05
2dm-5517,1,6.30E-06
2dm-5518,0,0
2dm-5519,1,-0.9989162
2dm-5520,0,0
2dm-5521,0,0
2dm-5522,0,0
2dm-5523,1,3.20E-06
2dm-5524,0,0
2dm-5525,1,0.0394739
2dm-5526,1,2.0016731
2dm-5527,1,4.55E-05
2dm-5528,0,0
2dm-5529,1,-2.40E-06
2dm-5530,1,8.00E-07
2dm-5531,1,9.00E-07
2dm-5532,1,7.9951742
2dm-5533,0,0
2dm-5534,1,8.80E-06
2dm-5535,1,4.5611696
2dm-5536,1,0.0007774
2dm-5537,1,0.0452337
2dm-5538,0,0
2dm-5539,1,5.9998116
2dm-5540,1,1.7948856
2dm-5541,1,0.2042351
2dm-5542,0,0
2dm-5543,1,-4.67E-05
2dm-5544,1,1.30E-06
2dm-5545,1,2.0015459
2dm-5546,0,0
2dm-5547,1,-0.0013042
2dm-5549,1,0.0002049
2dm-5550,1,3.0536249
2dm-5551,1,0.0011402
2dm-5552,1,2.59E-05
2dm-5553,1,2.0066824
2dm-5554,0,0
2dm-5555,1,7.5031384
2dm-5556,1,0.7127914
2dm-5557,1,7.20E-06
2dm-5558,1,-0.2686493
2dm-5559,1,0.050276
2dm-5560,0,0
2dm-5561,1,-2.80E-06
2dm-5562,1,3.80E-06
2dm-5563,0,0
2dm-5564,1,1.0010998
2dm-5565,0,0
2dm-5566,1,-1.60E-06
2dm-5567,0,0
2dm-5568,1,4.5356862
2dm-5569,1,1.04E-05
2dm-5570,0,0
2dm-5571,0,0
2dm-5572,0,0
2dm-5573,0,0
2dm-5574,1,-3.90E-06
2dm-5575,1,8.0096839
2dm-5576,0,0
2dm-5577,1,0.6374466
2dm-5578,0,0
2dm-5579,1,4.7429519
2dm-5580,1,2.0196661
2dm-5581,1,0.0346877
2dm-5582,0,0
2dm-5583,1,2.0125424
2dm-5584,1,6.30E-06
2dm-5585,1,10.0972373
2dm-5586,1,24.3851117
2dm-5587,1,3.999557
2dm-5588,0,0
2dm-5589,0,0
2dm-5590,1,7.5754123
2dm-5591,1,27.9969266
2dm-5592,1,15.4315707
2dm-5593,1,3.999431
2dm-5594,1,7.9832031
2dm-5595,0,0
2dm-5596,1,-7.02E-05
2dm-5597,0,0
2dm-5598,1,11.1672202
2dm-5599,1,0.589955
2dm-5600,0,0
2dm-5601,0,0
2dm-5602,0,0
2dm-5603,1,4.0283414
2dm-5604,0,0
2dm-5605,0,0
2dm-5606,0,0
2dm-5607,0,0
2dm-5608,1,8.0230833
2dm-5609,0,0
2dm-5611,0,0
2dm-5612,0,0
2dm-5613,1,-0.0014372
2dm-5614,0,0
2dm-5615,1,8.00E-07
2dm-5616,0,0
2dm-5617,1,12.008265
2dm-5618,0,0
2dm-5619,0,0
2dm-5620,1,6.009722
2dm-5621,0,0
2dm-5622,1,2.0005302
2dm-5623,1,8.9978986
2dm-5624,0,0
2dm-5625,0,0
2dm-5626,0,0
2dm-5627,1,16.000465
2dm-5628,1,0.0019254
2dm-5630,1,-3.00E-07
2dm-5631,1,-3.46E-05
2dm-5632,0,0
2dm-5633,1,9.00E-07
2dm-5634,0,0
2dm-5635,1,7.9993723
2dm-5636,1,8.0113458
2dm-5637,0,0
2dm-5638,0,0
2dm-5639,1,-5.90E-06
2dm-5640,0,0
2dm-5641,0,0
2dm-5642,0,0
2dm-5643,1,1.9987859
2dm-5644,0,0
2dm-5645,0,0
2dm-5646,0,0
2dm-5647,0,0
2dm-5648,0,0
2dm-5649,0,0
2dm-5650,0,0
2dm-5651,1,12.0125883
2dm-5652,1,1.0001031
2dm-5653,1,1.00E-07
2dm-5654,1,1.9998484
2dm-5655,1,1.9988942
2dm-5656,1,-0.0007301
2dm-5657,0,0
2dm-5658,0,0
2dm-5659,1,4.0399078
2dm-5660,1,3.9992721
2dm-5661,0,0
2dm-5662,1,2.0000981
2dm-5663,1,1.9990585
2dm-5664,1,10.0029029
2dm-5665,1,0.0008114
2dm-5667,0,0
2dm-5668,1,2.0009607
2dm-5669,1,10.0005247
2dm-5670,1,0.009301
2dm-5671,1,5.9979987
2dm-5672,1,2.0008974
2dm-5673,0,0
2dm-5674,0,0
2dm-5675,1,1.9999474
2dm-5676,0,0
2dm-5677,1,8.0075223
2dm-5678,0,0
2dm-5679,1,16.0154986
2dm-5680,1,2.0007239
2dm-5681,1,4.0051282
2dm-5682,1,4.90E-06
2dm-5683,0,0
2dm-5684,0,0
2dm-5685,1,9.0241605
2dm-5686,0,0
2dm-5687,1,10.0042022
2dm-5688,0,0
2dm-5689,1,2.0032938
2dm-5690,0,0
2dm-5691,0,0
2dm-5692,1,30.0510857
2dm-5693,0,0
2dm-5694,1,-2.30E-06
2dm-5695,0,0
2dm-5696,1,4.0034476
2dm-5697,0,0
2dm-5698,0,0
2dm-5699,1,8.0004864
2dm-5700,1,8.0006766
2dm-5701,1,2.0022198
2dm-5702,0,0
2dm-5703,0,0
2dm-5704,0,0
2dm-5705,0,0
2dm-5706,0,0
2dm-5707,1,0.9734526
2dm-5708,0,0
2dm-5709,0,0
2dm-5710,0,0
2dm-5711,0,0
2dm-5712,1,-0.0001399
2dm-5713,1,1.0013938
2dm-5714,0,0
2dm-5715,0,0
2dm-5716,1,8.29E-05
2dm-5717,1,1.38E-05
2dm-5718,1,4.0034532
2dm-5719,1,7.9806849
2dm-5720,1,4.0000314
2dm-5721,0,0
2dm-5722,1,1.2639511
2dm-5723,1,1.9974175
2dm-5724,1,-0.0001214
2dm-5725,0,0
2dm-5726,0,0
2dm-5727,1,16.0111921
2dm-5728,0,0
2dm-5729,1,3.9977071
2dm-5731,1,6.02281
2dm-5732,0,0
2dm-5733,0,0
2dm-5734,1,-3.00E-07
2dm-5735,1,2.000641
2dm-5736,0,0
2dm-5737,1,4.0006417
2dm-5738,0,0
2dm-5739,0,0
2dm-5740,0,0
2dm-5741,0,0
2dm-5742,1,0.0138709
2dm-5743,0,0
2dm-5744,0,0
2dm-5745,0,0
2dm-5746,1,-0.0083233
2dm-5747,1,4.0047837
2dm-5748,0,0
2dm-5749,1,15.9989755
2dm-5750,1,0.0020788
2dm-5751,1,2.9986322
2dm-5752,0,0
2dm-5753,0,0
2dm-5754,0,0
2dm-5755,1,3.9999522
2dm-5756,1,16.0016219
2dm-5757,0,0
2dm-5758,1,6.0070623
2dm-5759,0,0
2dm-5760,0,0
2dm-5761,1,6.0001655
2dm-5762,0,0
2dm-5763,1,0.0903188
2dm-5764,1,0.000193
2dm-5765,0,0
2dm-5766,0,0
2dm-5767,1,4.0054215
2dm-5768,0,0
2dm-5769,0,0
2dm-5770,1,-6.00E-07
2dm-5771,0,0
2dm-5772,0,0
2dm-5773,1,7.9999321
2dm-5774,0,0
2dm-5775,0,0
2dm-5776,1,0.0022063
2dm-5777,0,0
2dm-5778,1,24.013014
2dm-5779,0,0
2dm-5780,1,1.8521373
2dm-5781,0,0
2dm-5782,1,2.0007243
2dm-5783,1,3.9992591
2dm-5784,0,0
2dm-5785,1,2.00211
2dm-5786,1,9.9998211
2dm-5787,1,0.0010664
2dm-5788,1,8.0007798
2dm-5789,0,0
2dm-5790,1,2.0085566
2dm-5791,0,0
2dm-5792,0,0
2dm-5793,1,4.0066341
2dm-5795,0,0
2dm-5796,1,1.0000095
2dm-5797,0,0
2dm-5798,0,0
2dm-5799,1,2.2437446
2dm-5800,0,0
2dm-5801,0,0
2dm-5802,0,0
2dm-5803,0,0
2dm-5804,1,3.9990389
2dm-5805,1,11.990137
2dm-5806,0,0
2dm-5807,1,-9.23E-05
2dm-5808,1,11.7962629
2dm-5809,1,1.9995207
2dm-5810,0,0
2dm-5811,1,2.0102673
2dm-5812,1,3.9844028
2dm-5813,1,8.017867
2dm-5814,1,0.000333
2dm-5815,0,0
2dm-5816,1,2.0048384
2dm-5817,0,0
2dm-5818,1,-0.1941679
2dm-5819,1,6.0084904
2dm-5820,1,-0.0002399
2dm-5821,0,0
2dm-5822,1,1.13E-05
2dm-5823,0,0
2dm-5824,0,0
2dm-5825,1,0.1855708
2dm-5826,0,0
2dm-5828,0,0
2dm-5829,1,8.001386
2dm-5830,1,-3.00E-06
2dm-5831,1,-3.00E-07
2dm-5832,1,0.6706529
2dm-5833,1,7.535272
2dm-5834,1,4.9700269
2dm-5835,1,0.0002252
2dm-5836,0,0
2dm-5837,1,1.9515484
2dm-5838,1,9.9992349
2dm-5839,1,12.003877
2dm-5840,1,4.84E-05
2dm-5841,1,6.609442
2dm-5842,1,6.0036339
2dm-5843,1,20.007807
2dm-5844,0,0
2dm-5845,1,1.9997324
2dm-5846,1,2.0201332
2dm-5847,1,2.97E-05
2dm-5848,0,0
2dm-5849,0,0
2dm-5850,1,12.0391363
2dm-5851,0,0
2dm-5852,0,0
2dm-5853,1,0.0026481
2dm-5854,1,3.998871
2dm-5855,0,0
2dm-5856,1,-9.24E-05
2dm-5857,0,0
2dm-5858,0,0
2dm-5859,1,1.0726759
2dm-5860,1,0.9998997
2dm-5861,0,0
2dm-5862,1,8.9964592
2dm-5863,1,0.7136866
2dm-5864,1,1.0000491
2dm-5865,1,15.657559
2dm-5866,1,-6.00E-06
2dm-5867,1,1.0083082
2dm-5868,1,-0.0001341
2dm-5869,1,-1.36E-05
2dm-5870,0,0
2dm-5871,1,-2.08E-05
2dm-5873,1,2.4346777
2dm-5874,1,2.000048
2dm-5875,0,0
2dm-5876,1,-2.50E-06
2dm-5877,0,0
2dm-5878,0,0
2dm-5879,0,0
2dm-5880,0,0
2dm-5881,1,0.0001669
2dm-5882,1,18.0017256
2dm-5884,0,0
2dm-5885,0,0
2dm-5886,1,1.0024169
2dm-5887,1,5.547387
2dm-5888,1,18.0234931
2dm-5889,1,1.0098174
2dm-5890,0,0
2dm-5891,1,4.0011163
2dm-5892,0,0
2dm-5893,1,2.0078756
2dm-5894,0,0
2dm-5895,1,3.9998784
2dm-5896,1,-0.0035997
2dm-5897,1,15.9918509
2dm-5899,1,5.0147367
2dm-5900,1,6.0013197
2dm-5901,0,0
2dm-5902,0,0
2dm-5903,0,0
2dm-5904,0,0
2dm-5905,1,3.9991688
2dm-5906,0,0
2dm-5907,1,3.9072393
2dm-5908,1,9.40E-06
2dm-5909,0,0
2dm-5910,1,26.0302228
2dm-5911,1,4.0250747
2dm-5912,0,0
2dm-5913,1,2.0079602
2dm-5914,1,2.0537733
2dm-5915,0,0
2dm-5916,1,31.9977534
2dm-5917,1,0.1157597
2dm-5918,0,0
2dm-5919,0,0
2dm-5920,1,0.0002255
2dm-5921,0,0
2dm-5922,0,0
2dm-5924,0,0
2dm-5925,1,23.9913082
2dm-5926,0,0
2dm-5927,0,0
2dm-5928,1,3.5886224
2dm-5929,1,2.4463434